date,realtime_start,realtime_end,SP500
2018-05-21,2025-05-17,2025-05-17,2733.01
2018-05-22,2025-05-17,2025-05-17,2724.44
2018-05-23,2025-05-17,2025-05-17,2733.29
2018-05-24,2025-05-17,2025-05-17,2727.76
2018-05-25,2025-05-17,2025-05-17,2721.33
2018-05-28,2025-05-17,2025-05-17,
2018-05-29,2025-05-17,2025-05-17,2689.86
2018-05-30,2025-05-17,2025-05-17,2724.01
2018-05-31,2025-05-17,2025-05-17,2705.27
2018-06-01,2025-05-17,2025-05-17,2734.62
2018-06-04,2025-05-17,2025-05-17,2746.87
2018-06-05,2025-05-17,2025-05-17,2748.8
2018-06-06,2025-05-17,2025-05-17,2772.35
2018-06-07,2025-05-17,2025-05-17,2770.37
2018-06-08,2025-05-17,2025-05-17,2779.03
2018-06-11,2025-05-17,2025-05-17,2782.0
2018-06-12,2025-05-17,2025-05-17,2786.85
2018-06-13,2025-05-17,2025-05-17,2775.63
2018-06-14,2025-05-17,2025-05-17,2782.49
2018-06-15,2025-05-17,2025-05-17,2779.66
2018-06-18,2025-05-17,2025-05-17,2773.75
2018-06-19,2025-05-17,2025-05-17,2762.59
2018-06-20,2025-05-17,2025-05-17,2767.32
2018-06-21,2025-05-17,2025-05-17,2749.76
2018-06-22,2025-05-17,2025-05-17,2754.88
2018-06-25,2025-05-17,2025-05-17,2717.07
2018-06-26,2025-05-17,2025-05-17,2723.06
2018-06-27,2025-05-17,2025-05-17,2699.63
2018-06-28,2025-05-17,2025-05-17,2716.31
2018-06-29,2025-05-17,2025-05-17,2718.37
2018-07-02,2025-05-17,2025-05-17,2726.71
2018-07-03,2025-05-17,2025-05-17,2713.22
2018-07-04,2025-05-17,2025-05-17,
2018-07-05,2025-05-17,2025-05-17,2736.61
2018-07-06,2025-05-17,2025-05-17,2759.82
2018-07-09,2025-05-17,2025-05-17,2784.17
2018-07-10,2025-05-17,2025-05-17,2793.84
2018-07-11,2025-05-17,2025-05-17,2774.02
2018-07-12,2025-05-17,2025-05-17,2798.29
2018-07-13,2025-05-17,2025-05-17,2801.31
2018-07-16,2025-05-17,2025-05-17,2798.43
2018-07-17,2025-05-17,2025-05-17,2809.55
2018-07-18,2025-05-17,2025-05-17,2815.62
2018-07-19,2025-05-17,2025-05-17,2804.49
2018-07-20,2025-05-17,2025-05-17,2801.83
2018-07-23,2025-05-17,2025-05-17,2806.98
2018-07-24,2025-05-17,2025-05-17,2820.4
2018-07-25,2025-05-17,2025-05-17,2846.07
2018-07-26,2025-05-17,2025-05-17,2837.44
2018-07-27,2025-05-17,2025-05-17,2818.82
2018-07-30,2025-05-17,2025-05-17,2802.6
2018-07-31,2025-05-17,2025-05-17,2816.29
2018-08-01,2025-05-17,2025-05-17,2813.36
2018-08-02,2025-05-17,2025-05-17,2827.22
2018-08-03,2025-05-17,2025-05-17,2840.35
2018-08-06,2025-05-17,2025-05-17,2850.4
2018-08-07,2025-05-17,2025-05-17,2858.45
2018-08-08,2025-05-17,2025-05-17,2857.7
2018-08-09,2025-05-17,2025-05-17,2853.58
2018-08-10,2025-05-17,2025-05-17,2833.28
2018-08-13,2025-05-17,2025-05-17,2821.93
2018-08-14,2025-05-17,2025-05-17,2839.96
2018-08-15,2025-05-17,2025-05-17,2818.37
2018-08-16,2025-05-17,2025-05-17,2840.69
2018-08-17,2025-05-17,2025-05-17,2850.13
2018-08-20,2025-05-17,2025-05-17,2857.05
2018-08-21,2025-05-17,2025-05-17,2862.96
2018-08-22,2025-05-17,2025-05-17,2861.82
2018-08-23,2025-05-17,2025-05-17,2856.98
2018-08-24,2025-05-17,2025-05-17,2874.69
2018-08-27,2025-05-17,2025-05-17,2896.74
2018-08-28,2025-05-17,2025-05-17,2897.52
2018-08-29,2025-05-17,2025-05-17,2914.04
2018-08-30,2025-05-17,2025-05-17,2901.13
2018-08-31,2025-05-17,2025-05-17,2901.52
2018-09-03,2025-05-17,2025-05-17,
2018-09-04,2025-05-17,2025-05-17,2896.72
2018-09-05,2025-05-17,2025-05-17,2888.6
2018-09-06,2025-05-17,2025-05-17,2878.05
2018-09-07,2025-05-17,2025-05-17,2871.68
2018-09-10,2025-05-17,2025-05-17,2877.13
2018-09-11,2025-05-17,2025-05-17,2887.89
2018-09-12,2025-05-17,2025-05-17,2888.92
2018-09-13,2025-05-17,2025-05-17,2904.18
2018-09-14,2025-05-17,2025-05-17,2904.98
2018-09-17,2025-05-17,2025-05-17,2888.8
2018-09-18,2025-05-17,2025-05-17,2904.31
2018-09-19,2025-05-17,2025-05-17,2907.95
2018-09-20,2025-05-17,2025-05-17,2930.75
2018-09-21,2025-05-17,2025-05-17,2929.67
2018-09-24,2025-05-17,2025-05-17,2919.37
2018-09-25,2025-05-17,2025-05-17,2915.56
2018-09-26,2025-05-17,2025-05-17,2905.97
2018-09-27,2025-05-17,2025-05-17,2914.0
2018-09-28,2025-05-17,2025-05-17,2913.98
2018-10-01,2025-05-17,2025-05-17,2924.59
2018-10-02,2025-05-17,2025-05-17,2923.43
2018-10-03,2025-05-17,2025-05-17,2925.51
2018-10-04,2025-05-17,2025-05-17,2901.61
2018-10-05,2025-05-17,2025-05-17,2885.57
2018-10-08,2025-05-17,2025-05-17,2884.43
2018-10-09,2025-05-17,2025-05-17,2880.34
2018-10-10,2025-05-17,2025-05-17,2785.68
2018-10-11,2025-05-17,2025-05-17,2728.37
2018-10-12,2025-05-17,2025-05-17,2767.13
2018-10-15,2025-05-17,2025-05-17,2750.79
2018-10-16,2025-05-17,2025-05-17,2809.92
2018-10-17,2025-05-17,2025-05-17,2809.21
2018-10-18,2025-05-17,2025-05-17,2768.78
2018-10-19,2025-05-17,2025-05-17,2767.78
2018-10-22,2025-05-17,2025-05-17,2755.88
2018-10-23,2025-05-17,2025-05-17,2740.69
2018-10-24,2025-05-17,2025-05-17,2656.1
2018-10-25,2025-05-17,2025-05-17,2705.57
2018-10-26,2025-05-17,2025-05-17,2658.69
2018-10-29,2025-05-17,2025-05-17,2641.25
2018-10-30,2025-05-17,2025-05-17,2682.63
2018-10-31,2025-05-17,2025-05-17,2711.74
2018-11-01,2025-05-17,2025-05-17,2740.37
2018-11-02,2025-05-17,2025-05-17,2723.06
2018-11-05,2025-05-17,2025-05-17,2738.31
2018-11-06,2025-05-17,2025-05-17,2755.45
2018-11-07,2025-05-17,2025-05-17,2813.89
2018-11-08,2025-05-17,2025-05-17,2806.83
2018-11-09,2025-05-17,2025-05-17,2781.01
2018-11-12,2025-05-17,2025-05-17,2726.22
2018-11-13,2025-05-17,2025-05-17,2722.18
2018-11-14,2025-05-17,2025-05-17,2701.58
2018-11-15,2025-05-17,2025-05-17,2730.2
2018-11-16,2025-05-17,2025-05-17,2736.27
2018-11-19,2025-05-17,2025-05-17,2690.73
2018-11-20,2025-05-17,2025-05-17,2641.89
2018-11-21,2025-05-17,2025-05-17,2649.93
2018-11-22,2025-05-17,2025-05-17,
2018-11-23,2025-05-17,2025-05-17,2632.56
2018-11-26,2025-05-17,2025-05-17,2673.45
2018-11-27,2025-05-17,2025-05-17,2682.17
2018-11-28,2025-05-17,2025-05-17,2743.79
2018-11-29,2025-05-17,2025-05-17,2737.76
2018-11-30,2025-05-17,2025-05-17,2760.17
2018-12-03,2025-05-17,2025-05-17,2790.37
2018-12-04,2025-05-17,2025-05-17,2700.06
2018-12-05,2025-05-17,2025-05-17,
2018-12-06,2025-05-17,2025-05-17,2695.95
2018-12-07,2025-05-17,2025-05-17,2633.08
2018-12-10,2025-05-17,2025-05-17,2637.72
2018-12-11,2025-05-17,2025-05-17,2636.78
2018-12-12,2025-05-17,2025-05-17,2651.07
2018-12-13,2025-05-17,2025-05-17,2650.54
2018-12-14,2025-05-17,2025-05-17,2599.95
2018-12-17,2025-05-17,2025-05-17,2545.94
2018-12-18,2025-05-17,2025-05-17,2546.16
2018-12-19,2025-05-17,2025-05-17,2506.96
2018-12-20,2025-05-17,2025-05-17,2467.42
2018-12-21,2025-05-17,2025-05-17,2416.62
2018-12-24,2025-05-17,2025-05-17,2351.1
2018-12-25,2025-05-17,2025-05-17,
2018-12-26,2025-05-17,2025-05-17,2467.7
2018-12-27,2025-05-17,2025-05-17,2488.83
2018-12-28,2025-05-17,2025-05-17,2485.74
2018-12-31,2025-05-17,2025-05-17,2506.85
2019-01-01,2025-05-17,2025-05-17,
2019-01-02,2025-05-17,2025-05-17,2510.03
2019-01-03,2025-05-17,2025-05-17,2447.89
2019-01-04,2025-05-17,2025-05-17,2531.94
2019-01-07,2025-05-17,2025-05-17,2549.69
2019-01-08,2025-05-17,2025-05-17,2574.41
2019-01-09,2025-05-17,2025-05-17,2584.96
2019-01-10,2025-05-17,2025-05-17,2596.64
2019-01-11,2025-05-17,2025-05-17,2596.26
2019-01-14,2025-05-17,2025-05-17,2582.61
2019-01-15,2025-05-17,2025-05-17,2610.3
2019-01-16,2025-05-17,2025-05-17,2616.1
2019-01-17,2025-05-17,2025-05-17,2635.96
2019-01-18,2025-05-17,2025-05-17,2670.71
2019-01-21,2025-05-17,2025-05-17,
2019-01-22,2025-05-17,2025-05-17,2632.9
2019-01-23,2025-05-17,2025-05-17,2638.7
2019-01-24,2025-05-17,2025-05-17,2642.33
2019-01-25,2025-05-17,2025-05-17,2664.76
2019-01-28,2025-05-17,2025-05-17,2643.85
2019-01-29,2025-05-17,2025-05-17,2640.0
2019-01-30,2025-05-17,2025-05-17,2681.05
2019-01-31,2025-05-17,2025-05-17,2704.1
2019-02-01,2025-05-17,2025-05-17,2706.53
2019-02-04,2025-05-17,2025-05-17,2724.87
2019-02-05,2025-05-17,2025-05-17,2737.7
2019-02-06,2025-05-17,2025-05-17,2731.61
2019-02-07,2025-05-17,2025-05-17,2706.05
2019-02-08,2025-05-17,2025-05-17,2707.88
2019-02-11,2025-05-17,2025-05-17,2709.8
2019-02-12,2025-05-17,2025-05-17,2744.73
2019-02-13,2025-05-17,2025-05-17,2753.03
2019-02-14,2025-05-17,2025-05-17,2745.73
2019-02-15,2025-05-17,2025-05-17,2775.6
2019-02-18,2025-05-17,2025-05-17,
2019-02-19,2025-05-17,2025-05-17,2779.76
2019-02-20,2025-05-17,2025-05-17,2784.7
2019-02-21,2025-05-17,2025-05-17,2774.88
2019-02-22,2025-05-17,2025-05-17,2792.67
2019-02-25,2025-05-17,2025-05-17,2796.11
2019-02-26,2025-05-17,2025-05-17,2793.9
2019-02-27,2025-05-17,2025-05-17,2792.38
2019-02-28,2025-05-17,2025-05-17,2784.49
2019-03-01,2025-05-17,2025-05-17,2803.69
2019-03-04,2025-05-17,2025-05-17,2792.81
2019-03-05,2025-05-17,2025-05-17,2789.65
2019-03-06,2025-05-17,2025-05-17,2771.45
2019-03-07,2025-05-17,2025-05-17,2748.93
2019-03-08,2025-05-17,2025-05-17,2743.07
2019-03-11,2025-05-17,2025-05-17,2783.3
2019-03-12,2025-05-17,2025-05-17,2791.52
2019-03-13,2025-05-17,2025-05-17,2810.92
2019-03-14,2025-05-17,2025-05-17,2808.48
2019-03-15,2025-05-17,2025-05-17,2822.48
2019-03-18,2025-05-17,2025-05-17,2832.94
2019-03-19,2025-05-17,2025-05-17,2832.57
2019-03-20,2025-05-17,2025-05-17,2824.23
2019-03-21,2025-05-17,2025-05-17,2854.88
2019-03-22,2025-05-17,2025-05-17,2800.71
2019-03-25,2025-05-17,2025-05-17,2798.36
2019-03-26,2025-05-17,2025-05-17,2818.46
2019-03-27,2025-05-17,2025-05-17,2805.37
2019-03-28,2025-05-17,2025-05-17,2815.44
2019-03-29,2025-05-17,2025-05-17,2834.4
2019-04-01,2025-05-17,2025-05-17,2867.19
2019-04-02,2025-05-17,2025-05-17,2867.24
2019-04-03,2025-05-17,2025-05-17,2873.4
2019-04-04,2025-05-17,2025-05-17,2879.39
2019-04-05,2025-05-17,2025-05-17,2892.74
2019-04-08,2025-05-17,2025-05-17,2895.77
2019-04-09,2025-05-17,2025-05-17,2878.2
2019-04-10,2025-05-17,2025-05-17,2888.21
2019-04-11,2025-05-17,2025-05-17,2888.32
2019-04-12,2025-05-17,2025-05-17,2907.41
2019-04-15,2025-05-17,2025-05-17,2905.58
2019-04-16,2025-05-17,2025-05-17,2907.06
2019-04-17,2025-05-17,2025-05-17,2900.45
2019-04-18,2025-05-17,2025-05-17,2905.03
2019-04-19,2025-05-17,2025-05-17,
2019-04-22,2025-05-17,2025-05-17,2907.97
2019-04-23,2025-05-17,2025-05-17,2933.68
2019-04-24,2025-05-17,2025-05-17,2927.25
2019-04-25,2025-05-17,2025-05-17,2926.17
2019-04-26,2025-05-17,2025-05-17,2939.88
2019-04-29,2025-05-17,2025-05-17,2943.03
2019-04-30,2025-05-17,2025-05-17,2945.83
2019-05-01,2025-05-17,2025-05-17,2923.73
2019-05-02,2025-05-17,2025-05-17,2917.52
2019-05-03,2025-05-17,2025-05-17,2945.64
2019-05-06,2025-05-17,2025-05-17,2932.47
2019-05-07,2025-05-17,2025-05-17,2884.05
2019-05-08,2025-05-17,2025-05-17,2879.42
2019-05-09,2025-05-17,2025-05-17,2870.72
2019-05-10,2025-05-17,2025-05-17,2881.4
2019-05-13,2025-05-17,2025-05-17,2811.87
2019-05-14,2025-05-17,2025-05-17,2834.41
2019-05-15,2025-05-17,2025-05-17,2850.96
2019-05-16,2025-05-17,2025-05-17,2876.32
2019-05-17,2025-05-17,2025-05-17,2859.53
2019-05-20,2025-05-17,2025-05-17,2840.23
2019-05-21,2025-05-17,2025-05-17,2864.36
2019-05-22,2025-05-17,2025-05-17,2856.27
2019-05-23,2025-05-17,2025-05-17,2822.24
2019-05-24,2025-05-17,2025-05-17,2826.06
2019-05-27,2025-05-17,2025-05-17,
2019-05-28,2025-05-17,2025-05-17,2802.39
2019-05-29,2025-05-17,2025-05-17,2783.02
2019-05-30,2025-05-17,2025-05-17,2788.86
2019-05-31,2025-05-17,2025-05-17,2752.06
2019-06-03,2025-05-17,2025-05-17,2744.45
2019-06-04,2025-05-17,2025-05-17,2803.27
2019-06-05,2025-05-17,2025-05-17,2826.15
2019-06-06,2025-05-17,2025-05-17,2843.49
2019-06-07,2025-05-17,2025-05-17,2873.34
2019-06-10,2025-05-17,2025-05-17,2886.73
2019-06-11,2025-05-17,2025-05-17,2885.72
2019-06-12,2025-05-17,2025-05-17,2879.84
2019-06-13,2025-05-17,2025-05-17,2891.64
2019-06-14,2025-05-17,2025-05-17,2886.98
2019-06-17,2025-05-17,2025-05-17,2889.67
2019-06-18,2025-05-17,2025-05-17,2917.75
2019-06-19,2025-05-17,2025-05-17,2926.46
2019-06-20,2025-05-17,2025-05-17,2954.18
2019-06-21,2025-05-17,2025-05-17,2950.46
2019-06-24,2025-05-17,2025-05-17,2945.35
2019-06-25,2025-05-17,2025-05-17,2917.38
2019-06-26,2025-05-17,2025-05-17,2913.78
2019-06-27,2025-05-17,2025-05-17,2924.92
2019-06-28,2025-05-17,2025-05-17,2941.76
2019-07-01,2025-05-17,2025-05-17,2964.33
2019-07-02,2025-05-17,2025-05-17,2973.01
2019-07-03,2025-05-17,2025-05-17,2995.82
2019-07-04,2025-05-17,2025-05-17,
2019-07-05,2025-05-17,2025-05-17,2990.41
2019-07-08,2025-05-17,2025-05-17,2975.95
2019-07-09,2025-05-17,2025-05-17,2979.63
2019-07-10,2025-05-17,2025-05-17,2993.07
2019-07-11,2025-05-17,2025-05-17,2999.91
2019-07-12,2025-05-17,2025-05-17,3013.77
2019-07-15,2025-05-17,2025-05-17,3014.3
2019-07-16,2025-05-17,2025-05-17,3004.04
2019-07-17,2025-05-17,2025-05-17,2984.42
2019-07-18,2025-05-17,2025-05-17,2995.11
2019-07-19,2025-05-17,2025-05-17,2976.61
2019-07-22,2025-05-17,2025-05-17,2985.03
2019-07-23,2025-05-17,2025-05-17,3005.47
2019-07-24,2025-05-17,2025-05-17,3019.56
2019-07-25,2025-05-17,2025-05-17,3003.67
2019-07-26,2025-05-17,2025-05-17,3025.86
2019-07-29,2025-05-17,2025-05-17,3020.97
2019-07-30,2025-05-17,2025-05-17,3013.18
2019-07-31,2025-05-17,2025-05-17,2980.38
2019-08-01,2025-05-17,2025-05-17,2953.56
2019-08-02,2025-05-17,2025-05-17,2932.05
2019-08-05,2025-05-17,2025-05-17,2844.74
2019-08-06,2025-05-17,2025-05-17,2881.77
2019-08-07,2025-05-17,2025-05-17,2883.98
2019-08-08,2025-05-17,2025-05-17,2938.09
2019-08-09,2025-05-17,2025-05-17,2918.65
2019-08-12,2025-05-17,2025-05-17,2883.75
2019-08-13,2025-05-17,2025-05-17,2926.32
2019-08-14,2025-05-17,2025-05-17,2840.6
2019-08-15,2025-05-17,2025-05-17,2847.6
2019-08-16,2025-05-17,2025-05-17,2888.68
2019-08-19,2025-05-17,2025-05-17,2923.65
2019-08-20,2025-05-17,2025-05-17,2900.51
2019-08-21,2025-05-17,2025-05-17,2924.43
2019-08-22,2025-05-17,2025-05-17,2922.95
2019-08-23,2025-05-17,2025-05-17,2847.11
2019-08-26,2025-05-17,2025-05-17,2878.38
2019-08-27,2025-05-17,2025-05-17,2869.16
2019-08-28,2025-05-17,2025-05-17,2887.94
2019-08-29,2025-05-17,2025-05-17,2924.58
2019-08-30,2025-05-17,2025-05-17,2926.46
2019-09-02,2025-05-17,2025-05-17,
2019-09-03,2025-05-17,2025-05-17,2906.27
2019-09-04,2025-05-17,2025-05-17,2937.78
2019-09-05,2025-05-17,2025-05-17,2976.0
2019-09-06,2025-05-17,2025-05-17,2978.71
2019-09-09,2025-05-17,2025-05-17,2978.43
2019-09-10,2025-05-17,2025-05-17,2979.39
2019-09-11,2025-05-17,2025-05-17,3000.93
2019-09-12,2025-05-17,2025-05-17,3009.57
2019-09-13,2025-05-17,2025-05-17,3007.39
2019-09-16,2025-05-17,2025-05-17,2997.96
2019-09-17,2025-05-17,2025-05-17,3005.7
2019-09-18,2025-05-17,2025-05-17,3006.73
2019-09-19,2025-05-17,2025-05-17,3006.79
2019-09-20,2025-05-17,2025-05-17,2992.07
2019-09-23,2025-05-17,2025-05-17,2991.78
2019-09-24,2025-05-17,2025-05-17,2966.6
2019-09-25,2025-05-17,2025-05-17,2984.87
2019-09-26,2025-05-17,2025-05-17,2977.62
2019-09-27,2025-05-17,2025-05-17,2961.79
2019-09-30,2025-05-17,2025-05-17,2976.74
2019-10-01,2025-05-17,2025-05-17,2940.25
2019-10-02,2025-05-17,2025-05-17,2887.61
2019-10-03,2025-05-17,2025-05-17,2910.63
2019-10-04,2025-05-17,2025-05-17,2952.01
2019-10-07,2025-05-17,2025-05-17,2938.79
2019-10-08,2025-05-17,2025-05-17,2893.06
2019-10-09,2025-05-17,2025-05-17,2919.4
2019-10-10,2025-05-17,2025-05-17,2938.13
2019-10-11,2025-05-17,2025-05-17,2970.27
2019-10-14,2025-05-17,2025-05-17,2966.15
2019-10-15,2025-05-17,2025-05-17,2995.68
2019-10-16,2025-05-17,2025-05-17,2989.69
2019-10-17,2025-05-17,2025-05-17,2997.95
2019-10-18,2025-05-17,2025-05-17,2986.2
2019-10-21,2025-05-17,2025-05-17,3006.72
2019-10-22,2025-05-17,2025-05-17,2995.99
2019-10-23,2025-05-17,2025-05-17,3004.52
2019-10-24,2025-05-17,2025-05-17,3010.29
2019-10-25,2025-05-17,2025-05-17,3022.55
2019-10-28,2025-05-17,2025-05-17,3039.42
2019-10-29,2025-05-17,2025-05-17,3036.89
2019-10-30,2025-05-17,2025-05-17,3046.77
2019-10-31,2025-05-17,2025-05-17,3037.56
2019-11-01,2025-05-17,2025-05-17,3066.91
2019-11-04,2025-05-17,2025-05-17,3078.27
2019-11-05,2025-05-17,2025-05-17,3074.62
2019-11-06,2025-05-17,2025-05-17,3076.78
2019-11-07,2025-05-17,2025-05-17,3085.18
2019-11-08,2025-05-17,2025-05-17,3093.08
2019-11-11,2025-05-17,2025-05-17,3087.01
2019-11-12,2025-05-17,2025-05-17,3091.84
2019-11-13,2025-05-17,2025-05-17,3094.04
2019-11-14,2025-05-17,2025-05-17,3096.63
2019-11-15,2025-05-17,2025-05-17,3120.46
2019-11-18,2025-05-17,2025-05-17,3122.03
2019-11-19,2025-05-17,2025-05-17,3120.18
2019-11-20,2025-05-17,2025-05-17,3108.46
2019-11-21,2025-05-17,2025-05-17,3103.54
2019-11-22,2025-05-17,2025-05-17,3110.29
2019-11-25,2025-05-17,2025-05-17,3133.64
2019-11-26,2025-05-17,2025-05-17,3140.52
2019-11-27,2025-05-17,2025-05-17,3153.63
2019-11-28,2025-05-17,2025-05-17,
2019-11-29,2025-05-17,2025-05-17,3140.98
2019-12-02,2025-05-17,2025-05-17,3113.87
2019-12-03,2025-05-17,2025-05-17,3093.2
2019-12-04,2025-05-17,2025-05-17,3112.76
2019-12-05,2025-05-17,2025-05-17,3117.43
2019-12-06,2025-05-17,2025-05-17,3145.91
2019-12-09,2025-05-17,2025-05-17,3135.96
2019-12-10,2025-05-17,2025-05-17,3132.52
2019-12-11,2025-05-17,2025-05-17,3141.63
2019-12-12,2025-05-17,2025-05-17,3168.57
2019-12-13,2025-05-17,2025-05-17,3168.8
2019-12-16,2025-05-17,2025-05-17,3191.45
2019-12-17,2025-05-17,2025-05-17,3192.52
2019-12-18,2025-05-17,2025-05-17,3191.14
2019-12-19,2025-05-17,2025-05-17,3205.37
2019-12-20,2025-05-17,2025-05-17,3221.22
2019-12-23,2025-05-17,2025-05-17,3224.01
2019-12-24,2025-05-17,2025-05-17,3223.38
2019-12-25,2025-05-17,2025-05-17,
2019-12-26,2025-05-17,2025-05-17,3239.91
2019-12-27,2025-05-17,2025-05-17,3240.02
2019-12-30,2025-05-17,2025-05-17,3221.29
2019-12-31,2025-05-17,2025-05-17,3230.78
2020-01-01,2025-05-17,2025-05-17,
2020-01-02,2025-05-17,2025-05-17,3257.85
2020-01-03,2025-05-17,2025-05-17,3234.85
2020-01-06,2025-05-17,2025-05-17,3246.28
2020-01-07,2025-05-17,2025-05-17,3237.18
2020-01-08,2025-05-17,2025-05-17,3253.05
2020-01-09,2025-05-17,2025-05-17,3274.7
2020-01-10,2025-05-17,2025-05-17,3265.35
2020-01-13,2025-05-17,2025-05-17,3288.13
2020-01-14,2025-05-17,2025-05-17,3283.15
2020-01-15,2025-05-17,2025-05-17,3289.29
2020-01-16,2025-05-17,2025-05-17,3316.81
2020-01-17,2025-05-17,2025-05-17,3329.62
2020-01-20,2025-05-17,2025-05-17,
2020-01-21,2025-05-17,2025-05-17,3320.79
2020-01-22,2025-05-17,2025-05-17,3321.75
2020-01-23,2025-05-17,2025-05-17,3325.54
2020-01-24,2025-05-17,2025-05-17,3295.47
2020-01-27,2025-05-17,2025-05-17,3243.63
2020-01-28,2025-05-17,2025-05-17,3276.24
2020-01-29,2025-05-17,2025-05-17,3273.4
2020-01-30,2025-05-17,2025-05-17,3283.66
2020-01-31,2025-05-17,2025-05-17,3225.52
2020-02-03,2025-05-17,2025-05-17,3248.92
2020-02-04,2025-05-17,2025-05-17,3297.59
2020-02-05,2025-05-17,2025-05-17,3334.69
2020-02-06,2025-05-17,2025-05-17,3345.78
2020-02-07,2025-05-17,2025-05-17,3327.71
2020-02-10,2025-05-17,2025-05-17,3352.09
2020-02-11,2025-05-17,2025-05-17,3357.75
2020-02-12,2025-05-17,2025-05-17,3379.45
2020-02-13,2025-05-17,2025-05-17,3373.94
2020-02-14,2025-05-17,2025-05-17,3380.16
2020-02-17,2025-05-17,2025-05-17,
2020-02-18,2025-05-17,2025-05-17,3370.29
2020-02-19,2025-05-17,2025-05-17,3386.15
2020-02-20,2025-05-17,2025-05-17,3373.23
2020-02-21,2025-05-17,2025-05-17,3337.75
2020-02-24,2025-05-17,2025-05-17,3225.89
2020-02-25,2025-05-17,2025-05-17,3128.21
2020-02-26,2025-05-17,2025-05-17,3116.39
2020-02-27,2025-05-17,2025-05-17,2978.76
2020-02-28,2025-05-17,2025-05-17,2954.22
2020-03-02,2025-05-17,2025-05-17,3090.23
2020-03-03,2025-05-17,2025-05-17,3003.37
2020-03-04,2025-05-17,2025-05-17,3130.12
2020-03-05,2025-05-17,2025-05-17,3023.94
2020-03-06,2025-05-17,2025-05-17,2972.37
2020-03-09,2025-05-17,2025-05-17,2746.56
2020-03-10,2025-05-17,2025-05-17,2882.23
2020-03-11,2025-05-17,2025-05-17,2741.38
2020-03-12,2025-05-17,2025-05-17,2480.64
2020-03-13,2025-05-17,2025-05-17,2711.02
2020-03-16,2025-05-17,2025-05-17,2386.13
2020-03-17,2025-05-17,2025-05-17,2529.19
2020-03-18,2025-05-17,2025-05-17,2398.1
2020-03-19,2025-05-17,2025-05-17,2409.39
2020-03-20,2025-05-17,2025-05-17,2304.92
2020-03-23,2025-05-17,2025-05-17,2237.4
2020-03-24,2025-05-17,2025-05-17,2447.33
2020-03-25,2025-05-17,2025-05-17,2475.56
2020-03-26,2025-05-17,2025-05-17,2630.07
2020-03-27,2025-05-17,2025-05-17,2541.47
2020-03-30,2025-05-17,2025-05-17,2626.65
2020-03-31,2025-05-17,2025-05-17,2584.59
2020-04-01,2025-05-17,2025-05-17,2470.5
2020-04-02,2025-05-17,2025-05-17,2526.9
2020-04-03,2025-05-17,2025-05-17,2488.65
2020-04-06,2025-05-17,2025-05-17,2663.68
2020-04-07,2025-05-17,2025-05-17,2659.41
2020-04-08,2025-05-17,2025-05-17,2749.98
2020-04-09,2025-05-17,2025-05-17,2789.82
2020-04-10,2025-05-17,2025-05-17,
2020-04-13,2025-05-17,2025-05-17,2761.63
2020-04-14,2025-05-17,2025-05-17,2846.06
2020-04-15,2025-05-17,2025-05-17,2783.36
2020-04-16,2025-05-17,2025-05-17,2799.55
2020-04-17,2025-05-17,2025-05-17,2874.56
2020-04-20,2025-05-17,2025-05-17,2823.16
2020-04-21,2025-05-17,2025-05-17,2736.56
2020-04-22,2025-05-17,2025-05-17,2799.31
2020-04-23,2025-05-17,2025-05-17,2797.8
2020-04-24,2025-05-17,2025-05-17,2836.74
2020-04-27,2025-05-17,2025-05-17,2878.48
2020-04-28,2025-05-17,2025-05-17,2863.39
2020-04-29,2025-05-17,2025-05-17,2939.51
2020-04-30,2025-05-17,2025-05-17,2912.43
2020-05-01,2025-05-17,2025-05-17,2830.71
2020-05-04,2025-05-17,2025-05-17,2842.74
2020-05-05,2025-05-17,2025-05-17,2868.44
2020-05-06,2025-05-17,2025-05-17,2848.42
2020-05-07,2025-05-17,2025-05-17,2881.19
2020-05-08,2025-05-17,2025-05-17,2929.8
2020-05-11,2025-05-17,2025-05-17,2930.32
2020-05-12,2025-05-17,2025-05-17,2870.12
2020-05-13,2025-05-17,2025-05-17,2820.0
2020-05-14,2025-05-17,2025-05-17,2852.5
2020-05-15,2025-05-17,2025-05-17,2863.7
2020-05-18,2025-05-17,2025-05-17,2953.91
2020-05-19,2025-05-17,2025-05-17,2922.94
2020-05-20,2025-05-17,2025-05-17,2971.61
2020-05-21,2025-05-17,2025-05-17,2948.51
2020-05-22,2025-05-17,2025-05-17,2955.45
2020-05-25,2025-05-17,2025-05-17,
2020-05-26,2025-05-17,2025-05-17,2991.77
2020-05-27,2025-05-17,2025-05-17,3036.13
2020-05-28,2025-05-17,2025-05-17,3029.73
2020-05-29,2025-05-17,2025-05-17,3044.31
2020-06-01,2025-05-17,2025-05-17,3055.73
2020-06-02,2025-05-17,2025-05-17,3080.82
2020-06-03,2025-05-17,2025-05-17,3122.87
2020-06-04,2025-05-17,2025-05-17,3112.35
2020-06-05,2025-05-17,2025-05-17,3193.93
2020-06-08,2025-05-17,2025-05-17,3232.39
2020-06-09,2025-05-17,2025-05-17,3207.18
2020-06-10,2025-05-17,2025-05-17,3190.14
2020-06-11,2025-05-17,2025-05-17,3002.1
2020-06-12,2025-05-17,2025-05-17,3041.31
2020-06-15,2025-05-17,2025-05-17,3066.59
2020-06-16,2025-05-17,2025-05-17,3124.74
2020-06-17,2025-05-17,2025-05-17,3113.49
2020-06-18,2025-05-17,2025-05-17,3115.34
2020-06-19,2025-05-17,2025-05-17,3097.74
2020-06-22,2025-05-17,2025-05-17,3117.86
2020-06-23,2025-05-17,2025-05-17,3131.29
2020-06-24,2025-05-17,2025-05-17,3050.33
2020-06-25,2025-05-17,2025-05-17,3083.76
2020-06-26,2025-05-17,2025-05-17,3009.05
2020-06-29,2025-05-17,2025-05-17,3053.24
2020-06-30,2025-05-17,2025-05-17,3100.29
2020-07-01,2025-05-17,2025-05-17,3115.86
2020-07-02,2025-05-17,2025-05-17,3130.01
2020-07-03,2025-05-17,2025-05-17,
2020-07-06,2025-05-17,2025-05-17,3179.72
2020-07-07,2025-05-17,2025-05-17,3145.32
2020-07-08,2025-05-17,2025-05-17,3169.94
2020-07-09,2025-05-17,2025-05-17,3152.05
2020-07-10,2025-05-17,2025-05-17,3185.04
2020-07-13,2025-05-17,2025-05-17,3155.22
2020-07-14,2025-05-17,2025-05-17,3197.52
2020-07-15,2025-05-17,2025-05-17,3226.56
2020-07-16,2025-05-17,2025-05-17,3215.57
2020-07-17,2025-05-17,2025-05-17,3224.73
2020-07-20,2025-05-17,2025-05-17,3251.84
2020-07-21,2025-05-17,2025-05-17,3257.3
2020-07-22,2025-05-17,2025-05-17,3276.02
2020-07-23,2025-05-17,2025-05-17,3235.66
2020-07-24,2025-05-17,2025-05-17,3215.63
2020-07-27,2025-05-17,2025-05-17,3239.41
2020-07-28,2025-05-17,2025-05-17,3218.44
2020-07-29,2025-05-17,2025-05-17,3258.44
2020-07-30,2025-05-17,2025-05-17,3246.22
2020-07-31,2025-05-17,2025-05-17,3271.12
2020-08-03,2025-05-17,2025-05-17,3294.61
2020-08-04,2025-05-17,2025-05-17,3306.51
2020-08-05,2025-05-17,2025-05-17,3327.77
2020-08-06,2025-05-17,2025-05-17,3349.16
2020-08-07,2025-05-17,2025-05-17,3351.28
2020-08-10,2025-05-17,2025-05-17,3360.47
2020-08-11,2025-05-17,2025-05-17,3333.69
2020-08-12,2025-05-17,2025-05-17,3380.35
2020-08-13,2025-05-17,2025-05-17,3373.43
2020-08-14,2025-05-17,2025-05-17,3372.85
2020-08-17,2025-05-17,2025-05-17,3381.99
2020-08-18,2025-05-17,2025-05-17,3389.78
2020-08-19,2025-05-17,2025-05-17,3374.85
2020-08-20,2025-05-17,2025-05-17,3385.51
2020-08-21,2025-05-17,2025-05-17,3397.16
2020-08-24,2025-05-17,2025-05-17,3431.28
2020-08-25,2025-05-17,2025-05-17,3443.62
2020-08-26,2025-05-17,2025-05-17,3478.73
2020-08-27,2025-05-17,2025-05-17,3484.55
2020-08-28,2025-05-17,2025-05-17,3508.01
2020-08-31,2025-05-17,2025-05-17,3500.31
2020-09-01,2025-05-17,2025-05-17,3526.65
2020-09-02,2025-05-17,2025-05-17,3580.84
2020-09-03,2025-05-17,2025-05-17,3455.06
2020-09-04,2025-05-17,2025-05-17,3426.96
2020-09-07,2025-05-17,2025-05-17,
2020-09-08,2025-05-17,2025-05-17,3331.84
2020-09-09,2025-05-17,2025-05-17,3398.96
2020-09-10,2025-05-17,2025-05-17,3339.19
2020-09-11,2025-05-17,2025-05-17,3340.97
2020-09-14,2025-05-17,2025-05-17,3383.54
2020-09-15,2025-05-17,2025-05-17,3401.2
2020-09-16,2025-05-17,2025-05-17,3385.49
2020-09-17,2025-05-17,2025-05-17,3357.01
2020-09-18,2025-05-17,2025-05-17,3319.47
2020-09-21,2025-05-17,2025-05-17,3281.06
2020-09-22,2025-05-17,2025-05-17,3315.57
2020-09-23,2025-05-17,2025-05-17,3236.92
2020-09-24,2025-05-17,2025-05-17,3246.59
2020-09-25,2025-05-17,2025-05-17,3298.46
2020-09-28,2025-05-17,2025-05-17,3351.6
2020-09-29,2025-05-17,2025-05-17,3335.47
2020-09-30,2025-05-17,2025-05-17,3363.0
2020-10-01,2025-05-17,2025-05-17,3380.8
2020-10-02,2025-05-17,2025-05-17,3348.44
2020-10-05,2025-05-17,2025-05-17,3408.63
2020-10-06,2025-05-17,2025-05-17,3360.95
2020-10-07,2025-05-17,2025-05-17,3419.45
2020-10-08,2025-05-17,2025-05-17,3446.83
2020-10-09,2025-05-17,2025-05-17,3477.13
2020-10-12,2025-05-17,2025-05-17,3534.22
2020-10-13,2025-05-17,2025-05-17,3511.93
2020-10-14,2025-05-17,2025-05-17,3488.67
2020-10-15,2025-05-17,2025-05-17,3483.34
2020-10-16,2025-05-17,2025-05-17,3483.81
2020-10-19,2025-05-17,2025-05-17,3426.92
2020-10-20,2025-05-17,2025-05-17,3443.12
2020-10-21,2025-05-17,2025-05-17,3435.56
2020-10-22,2025-05-17,2025-05-17,3453.49
2020-10-23,2025-05-17,2025-05-17,3465.39
2020-10-26,2025-05-17,2025-05-17,3400.97
2020-10-27,2025-05-17,2025-05-17,3390.68
2020-10-28,2025-05-17,2025-05-17,3271.03
2020-10-29,2025-05-17,2025-05-17,3310.11
2020-10-30,2025-05-17,2025-05-17,3269.96
2020-11-02,2025-05-17,2025-05-17,3310.24
2020-11-03,2025-05-17,2025-05-17,3369.16
2020-11-04,2025-05-17,2025-05-17,3443.44
2020-11-05,2025-05-17,2025-05-17,3510.45
2020-11-06,2025-05-17,2025-05-17,3509.44
2020-11-09,2025-05-17,2025-05-17,3550.5
2020-11-10,2025-05-17,2025-05-17,3545.53
2020-11-11,2025-05-17,2025-05-17,3572.66
2020-11-12,2025-05-17,2025-05-17,3537.01
2020-11-13,2025-05-17,2025-05-17,3585.15
2020-11-16,2025-05-17,2025-05-17,3626.91
2020-11-17,2025-05-17,2025-05-17,3609.53
2020-11-18,2025-05-17,2025-05-17,3567.79
2020-11-19,2025-05-17,2025-05-17,3581.87
2020-11-20,2025-05-17,2025-05-17,3557.54
2020-11-23,2025-05-17,2025-05-17,3577.59
2020-11-24,2025-05-17,2025-05-17,3635.41
2020-11-25,2025-05-17,2025-05-17,3629.65
2020-11-26,2025-05-17,2025-05-17,
2020-11-27,2025-05-17,2025-05-17,3638.35
2020-11-30,2025-05-17,2025-05-17,3621.63
2020-12-01,2025-05-17,2025-05-17,3662.45
2020-12-02,2025-05-17,2025-05-17,3669.01
2020-12-03,2025-05-17,2025-05-17,3666.72
2020-12-04,2025-05-17,2025-05-17,3699.12
2020-12-07,2025-05-17,2025-05-17,3691.96
2020-12-08,2025-05-17,2025-05-17,3702.25
2020-12-09,2025-05-17,2025-05-17,3672.82
2020-12-10,2025-05-17,2025-05-17,3668.1
2020-12-11,2025-05-17,2025-05-17,3663.46
2020-12-14,2025-05-17,2025-05-17,3647.49
2020-12-15,2025-05-17,2025-05-17,3694.62
2020-12-16,2025-05-17,2025-05-17,3701.17
2020-12-17,2025-05-17,2025-05-17,3722.48
2020-12-18,2025-05-17,2025-05-17,3709.41
2020-12-21,2025-05-17,2025-05-17,3694.92
2020-12-22,2025-05-17,2025-05-17,3687.26
2020-12-23,2025-05-17,2025-05-17,3690.01
2020-12-24,2025-05-17,2025-05-17,3703.06
2020-12-25,2025-05-17,2025-05-17,
2020-12-28,2025-05-17,2025-05-17,3735.36
2020-12-29,2025-05-17,2025-05-17,3727.04
2020-12-30,2025-05-17,2025-05-17,3732.04
2020-12-31,2025-05-17,2025-05-17,3756.07
2021-01-01,2025-05-17,2025-05-17,
2021-01-04,2025-05-17,2025-05-17,3700.65
2021-01-05,2025-05-17,2025-05-17,3726.86
2021-01-06,2025-05-17,2025-05-17,3748.14
2021-01-07,2025-05-17,2025-05-17,3803.79
2021-01-08,2025-05-17,2025-05-17,3824.68
2021-01-11,2025-05-17,2025-05-17,3799.61
2021-01-12,2025-05-17,2025-05-17,3801.19
2021-01-13,2025-05-17,2025-05-17,3809.84
2021-01-14,2025-05-17,2025-05-17,3795.54
2021-01-15,2025-05-17,2025-05-17,3768.25
2021-01-18,2025-05-17,2025-05-17,
2021-01-19,2025-05-17,2025-05-17,3798.91
2021-01-20,2025-05-17,2025-05-17,3851.85
2021-01-21,2025-05-17,2025-05-17,3853.07
2021-01-22,2025-05-17,2025-05-17,3841.47
2021-01-25,2025-05-17,2025-05-17,3855.36
2021-01-26,2025-05-17,2025-05-17,3849.62
2021-01-27,2025-05-17,2025-05-17,3750.77
2021-01-28,2025-05-17,2025-05-17,3787.38
2021-01-29,2025-05-17,2025-05-17,3714.24
2021-02-01,2025-05-17,2025-05-17,3773.86
2021-02-02,2025-05-17,2025-05-17,3826.31
2021-02-03,2025-05-17,2025-05-17,3830.17
2021-02-04,2025-05-17,2025-05-17,3871.74
2021-02-05,2025-05-17,2025-05-17,3886.83
2021-02-08,2025-05-17,2025-05-17,3915.59
2021-02-09,2025-05-17,2025-05-17,3911.23
2021-02-10,2025-05-17,2025-05-17,3909.88
2021-02-11,2025-05-17,2025-05-17,3916.38
2021-02-12,2025-05-17,2025-05-17,3934.83
2021-02-15,2025-05-17,2025-05-17,
2021-02-16,2025-05-17,2025-05-17,3932.59
2021-02-17,2025-05-17,2025-05-17,3931.33
2021-02-18,2025-05-17,2025-05-17,3913.97
2021-02-19,2025-05-17,2025-05-17,3906.71
2021-02-22,2025-05-17,2025-05-17,3876.5
2021-02-23,2025-05-17,2025-05-17,3881.37
2021-02-24,2025-05-17,2025-05-17,3925.43
2021-02-25,2025-05-17,2025-05-17,3829.34
2021-02-26,2025-05-17,2025-05-17,3811.15
2021-03-01,2025-05-17,2025-05-17,3901.82
2021-03-02,2025-05-17,2025-05-17,3870.29
2021-03-03,2025-05-17,2025-05-17,3819.72
2021-03-04,2025-05-17,2025-05-17,3768.47
2021-03-05,2025-05-17,2025-05-17,3841.94
2021-03-08,2025-05-17,2025-05-17,3821.35
2021-03-09,2025-05-17,2025-05-17,3875.44
2021-03-10,2025-05-17,2025-05-17,3898.81
2021-03-11,2025-05-17,2025-05-17,3939.34
2021-03-12,2025-05-17,2025-05-17,3943.34
2021-03-15,2025-05-17,2025-05-17,3968.94
2021-03-16,2025-05-17,2025-05-17,3962.71
2021-03-17,2025-05-17,2025-05-17,3974.12
2021-03-18,2025-05-17,2025-05-17,3915.46
2021-03-19,2025-05-17,2025-05-17,3913.1
2021-03-22,2025-05-17,2025-05-17,3940.59
2021-03-23,2025-05-17,2025-05-17,3910.52
2021-03-24,2025-05-17,2025-05-17,3889.14
2021-03-25,2025-05-17,2025-05-17,3909.52
2021-03-26,2025-05-17,2025-05-17,3974.54
2021-03-29,2025-05-17,2025-05-17,3971.09
2021-03-30,2025-05-17,2025-05-17,3958.55
2021-03-31,2025-05-17,2025-05-17,3972.89
2021-04-01,2025-05-17,2025-05-17,4019.87
2021-04-02,2025-05-17,2025-05-17,
2021-04-05,2025-05-17,2025-05-17,4077.91
2021-04-06,2025-05-17,2025-05-17,4073.94
2021-04-07,2025-05-17,2025-05-17,4079.95
2021-04-08,2025-05-17,2025-05-17,4097.17
2021-04-09,2025-05-17,2025-05-17,4128.8
2021-04-12,2025-05-17,2025-05-17,4127.99
2021-04-13,2025-05-17,2025-05-17,4141.59
2021-04-14,2025-05-17,2025-05-17,4124.66
2021-04-15,2025-05-17,2025-05-17,4170.42
2021-04-16,2025-05-17,2025-05-17,4185.47
2021-04-19,2025-05-17,2025-05-17,4163.26
2021-04-20,2025-05-17,2025-05-17,4134.94
2021-04-21,2025-05-17,2025-05-17,4173.42
2021-04-22,2025-05-17,2025-05-17,4134.98
2021-04-23,2025-05-17,2025-05-17,4180.17
2021-04-26,2025-05-17,2025-05-17,4187.62
2021-04-27,2025-05-17,2025-05-17,4186.72
2021-04-28,2025-05-17,2025-05-17,4183.18
2021-04-29,2025-05-17,2025-05-17,4211.47
2021-04-30,2025-05-17,2025-05-17,4181.17
2021-05-03,2025-05-17,2025-05-17,4192.66
2021-05-04,2025-05-17,2025-05-17,4164.66
2021-05-05,2025-05-17,2025-05-17,4167.59
2021-05-06,2025-05-17,2025-05-17,4201.62
2021-05-07,2025-05-17,2025-05-17,4232.6
2021-05-10,2025-05-17,2025-05-17,4188.43
2021-05-11,2025-05-17,2025-05-17,4152.1
2021-05-12,2025-05-17,2025-05-17,4063.04
2021-05-13,2025-05-17,2025-05-17,4112.5
2021-05-14,2025-05-17,2025-05-17,4173.85
2021-05-17,2025-05-17,2025-05-17,4163.29
2021-05-18,2025-05-17,2025-05-17,4127.83
2021-05-19,2025-05-17,2025-05-17,4115.68
2021-05-20,2025-05-17,2025-05-17,4159.12
2021-05-21,2025-05-17,2025-05-17,4155.86
2021-05-24,2025-05-17,2025-05-17,4197.05
2021-05-25,2025-05-17,2025-05-17,4188.13
2021-05-26,2025-05-17,2025-05-17,4195.99
2021-05-27,2025-05-17,2025-05-17,4200.88
2021-05-28,2025-05-17,2025-05-17,4204.11
2021-05-31,2025-05-17,2025-05-17,
2021-06-01,2025-05-17,2025-05-17,4202.04
2021-06-02,2025-05-17,2025-05-17,4208.12
2021-06-03,2025-05-17,2025-05-17,4192.85
2021-06-04,2025-05-17,2025-05-17,4229.89
2021-06-07,2025-05-17,2025-05-17,4226.52
2021-06-08,2025-05-17,2025-05-17,4227.26
2021-06-09,2025-05-17,2025-05-17,4219.55
2021-06-10,2025-05-17,2025-05-17,4239.18
2021-06-11,2025-05-17,2025-05-17,4247.44
2021-06-14,2025-05-17,2025-05-17,4255.15
2021-06-15,2025-05-17,2025-05-17,4246.59
2021-06-16,2025-05-17,2025-05-17,4223.7
2021-06-17,2025-05-17,2025-05-17,4221.86
2021-06-18,2025-05-17,2025-05-17,4166.45
2021-06-21,2025-05-17,2025-05-17,4224.79
2021-06-22,2025-05-17,2025-05-17,4246.44
2021-06-23,2025-05-17,2025-05-17,4241.84
2021-06-24,2025-05-17,2025-05-17,4266.49
2021-06-25,2025-05-17,2025-05-17,4280.7
2021-06-28,2025-05-17,2025-05-17,4290.61
2021-06-29,2025-05-17,2025-05-17,4291.8
2021-06-30,2025-05-17,2025-05-17,4297.5
2021-07-01,2025-05-17,2025-05-17,4319.94
2021-07-02,2025-05-17,2025-05-17,4352.34
2021-07-05,2025-05-17,2025-05-17,
2021-07-06,2025-05-17,2025-05-17,4343.54
2021-07-07,2025-05-17,2025-05-17,4358.13
2021-07-08,2025-05-17,2025-05-17,4320.82
2021-07-09,2025-05-17,2025-05-17,4369.55
2021-07-12,2025-05-17,2025-05-17,4384.63
2021-07-13,2025-05-17,2025-05-17,4369.21
2021-07-14,2025-05-17,2025-05-17,4374.3
2021-07-15,2025-05-17,2025-05-17,4360.03
2021-07-16,2025-05-17,2025-05-17,4327.16
2021-07-19,2025-05-17,2025-05-17,4258.49
2021-07-20,2025-05-17,2025-05-17,4323.06
2021-07-21,2025-05-17,2025-05-17,4358.69
2021-07-22,2025-05-17,2025-05-17,4367.48
2021-07-23,2025-05-17,2025-05-17,4411.79
2021-07-26,2025-05-17,2025-05-17,4422.3
2021-07-27,2025-05-17,2025-05-17,4401.46
2021-07-28,2025-05-17,2025-05-17,4400.64
2021-07-29,2025-05-17,2025-05-17,4419.15
2021-07-30,2025-05-17,2025-05-17,4395.26
2021-08-02,2025-05-17,2025-05-17,4387.16
2021-08-03,2025-05-17,2025-05-17,4423.15
2021-08-04,2025-05-17,2025-05-17,4402.66
2021-08-05,2025-05-17,2025-05-17,4429.1
2021-08-06,2025-05-17,2025-05-17,4436.52
2021-08-09,2025-05-17,2025-05-17,4432.35
2021-08-10,2025-05-17,2025-05-17,4436.75
2021-08-11,2025-05-17,2025-05-17,4447.7
2021-08-12,2025-05-17,2025-05-17,4460.83
2021-08-13,2025-05-17,2025-05-17,4468.0
2021-08-16,2025-05-17,2025-05-17,4479.71
2021-08-17,2025-05-17,2025-05-17,4448.08
2021-08-18,2025-05-17,2025-05-17,4400.27
2021-08-19,2025-05-17,2025-05-17,4405.8
2021-08-20,2025-05-17,2025-05-17,4441.67
2021-08-23,2025-05-17,2025-05-17,4479.53
2021-08-24,2025-05-17,2025-05-17,4486.23
2021-08-25,2025-05-17,2025-05-17,4496.19
2021-08-26,2025-05-17,2025-05-17,4470.0
2021-08-27,2025-05-17,2025-05-17,4509.37
2021-08-30,2025-05-17,2025-05-17,4528.79
2021-08-31,2025-05-17,2025-05-17,4522.68
2021-09-01,2025-05-17,2025-05-17,4524.09
2021-09-02,2025-05-17,2025-05-17,4536.95
2021-09-03,2025-05-17,2025-05-17,4535.43
2021-09-06,2025-05-17,2025-05-17,
2021-09-07,2025-05-17,2025-05-17,4520.03
2021-09-08,2025-05-17,2025-05-17,4514.07
2021-09-09,2025-05-17,2025-05-17,4493.28
2021-09-10,2025-05-17,2025-05-17,4458.58
2021-09-13,2025-05-17,2025-05-17,4468.73
2021-09-14,2025-05-17,2025-05-17,4443.05
2021-09-15,2025-05-17,2025-05-17,4480.7
2021-09-16,2025-05-17,2025-05-17,4473.75
2021-09-17,2025-05-17,2025-05-17,4432.99
2021-09-20,2025-05-17,2025-05-17,4357.73
2021-09-21,2025-05-17,2025-05-17,4354.19
2021-09-22,2025-05-17,2025-05-17,4395.64
2021-09-23,2025-05-17,2025-05-17,4448.98
2021-09-24,2025-05-17,2025-05-17,4455.48
2021-09-27,2025-05-17,2025-05-17,4443.11
2021-09-28,2025-05-17,2025-05-17,4352.63
2021-09-29,2025-05-17,2025-05-17,4359.46
2021-09-30,2025-05-17,2025-05-17,4307.54
2021-10-01,2025-05-17,2025-05-17,4357.04
2021-10-04,2025-05-17,2025-05-17,4300.46
2021-10-05,2025-05-17,2025-05-17,4345.72
2021-10-06,2025-05-17,2025-05-17,4363.55
2021-10-07,2025-05-17,2025-05-17,4399.76
2021-10-08,2025-05-17,2025-05-17,4391.34
2021-10-11,2025-05-17,2025-05-17,4361.19
2021-10-12,2025-05-17,2025-05-17,4350.65
2021-10-13,2025-05-17,2025-05-17,4363.8
2021-10-14,2025-05-17,2025-05-17,4438.26
2021-10-15,2025-05-17,2025-05-17,4471.37
2021-10-18,2025-05-17,2025-05-17,4486.46
2021-10-19,2025-05-17,2025-05-17,4519.63
2021-10-20,2025-05-17,2025-05-17,4536.19
2021-10-21,2025-05-17,2025-05-17,4549.78
2021-10-22,2025-05-17,2025-05-17,4544.9
2021-10-25,2025-05-17,2025-05-17,4566.48
2021-10-26,2025-05-17,2025-05-17,4574.79
2021-10-27,2025-05-17,2025-05-17,4551.68
2021-10-28,2025-05-17,2025-05-17,4596.42
2021-10-29,2025-05-17,2025-05-17,4605.38
2021-11-01,2025-05-17,2025-05-17,4613.67
2021-11-02,2025-05-17,2025-05-17,4630.65
2021-11-03,2025-05-17,2025-05-17,4660.57
2021-11-04,2025-05-17,2025-05-17,4680.06
2021-11-05,2025-05-17,2025-05-17,4697.53
2021-11-08,2025-05-17,2025-05-17,4701.7
2021-11-09,2025-05-17,2025-05-17,4685.25
2021-11-10,2025-05-17,2025-05-17,4646.71
2021-11-11,2025-05-17,2025-05-17,4649.27
2021-11-12,2025-05-17,2025-05-17,4682.85
2021-11-15,2025-05-17,2025-05-17,4682.8
2021-11-16,2025-05-17,2025-05-17,4700.9
2021-11-17,2025-05-17,2025-05-17,4688.67
2021-11-18,2025-05-17,2025-05-17,4704.54
2021-11-19,2025-05-17,2025-05-17,4697.96
2021-11-22,2025-05-17,2025-05-17,4682.94
2021-11-23,2025-05-17,2025-05-17,4690.7
2021-11-24,2025-05-17,2025-05-17,4701.46
2021-11-25,2025-05-17,2025-05-17,
2021-11-26,2025-05-17,2025-05-17,4594.62
2021-11-29,2025-05-17,2025-05-17,4655.27
2021-11-30,2025-05-17,2025-05-17,4567.0
2021-12-01,2025-05-17,2025-05-17,4513.04
2021-12-02,2025-05-17,2025-05-17,4577.1
2021-12-03,2025-05-17,2025-05-17,4538.43
2021-12-06,2025-05-17,2025-05-17,4591.67
2021-12-07,2025-05-17,2025-05-17,4686.75
2021-12-08,2025-05-17,2025-05-17,4701.21
2021-12-09,2025-05-17,2025-05-17,4667.45
2021-12-10,2025-05-17,2025-05-17,4712.02
2021-12-13,2025-05-17,2025-05-17,4668.97
2021-12-14,2025-05-17,2025-05-17,4634.09
2021-12-15,2025-05-17,2025-05-17,4709.85
2021-12-16,2025-05-17,2025-05-17,4668.67
2021-12-17,2025-05-17,2025-05-17,4620.64
2021-12-20,2025-05-17,2025-05-17,4568.02
2021-12-21,2025-05-17,2025-05-17,4649.23
2021-12-22,2025-05-17,2025-05-17,4696.56
2021-12-23,2025-05-17,2025-05-17,4725.79
2021-12-24,2025-05-17,2025-05-17,
2021-12-27,2025-05-17,2025-05-17,4791.19
2021-12-28,2025-05-17,2025-05-17,4786.35
2021-12-29,2025-05-17,2025-05-17,4793.06
2021-12-30,2025-05-17,2025-05-17,4778.73
2021-12-31,2025-05-17,2025-05-17,4766.18
2022-01-03,2025-05-17,2025-05-17,4796.56
2022-01-04,2025-05-17,2025-05-17,4793.54
2022-01-05,2025-05-17,2025-05-17,4700.58
2022-01-06,2025-05-17,2025-05-17,4696.05
2022-01-07,2025-05-17,2025-05-17,4677.03
2022-01-10,2025-05-17,2025-05-17,4670.29
2022-01-11,2025-05-17,2025-05-17,4713.07
2022-01-12,2025-05-17,2025-05-17,4726.35
2022-01-13,2025-05-17,2025-05-17,4659.03
2022-01-14,2025-05-17,2025-05-17,4662.85
2022-01-17,2025-05-17,2025-05-17,
2022-01-18,2025-05-17,2025-05-17,4577.11
2022-01-19,2025-05-17,2025-05-17,4532.76
2022-01-20,2025-05-17,2025-05-17,4482.73
2022-01-21,2025-05-17,2025-05-17,4397.94
2022-01-24,2025-05-17,2025-05-17,4410.13
2022-01-25,2025-05-17,2025-05-17,4356.45
2022-01-26,2025-05-17,2025-05-17,4349.93
2022-01-27,2025-05-17,2025-05-17,4326.51
2022-01-28,2025-05-17,2025-05-17,4431.85
2022-01-31,2025-05-17,2025-05-17,4515.55
2022-02-01,2025-05-17,2025-05-17,4546.54
2022-02-02,2025-05-17,2025-05-17,4589.38
2022-02-03,2025-05-17,2025-05-17,4477.44
2022-02-04,2025-05-17,2025-05-17,4500.53
2022-02-07,2025-05-17,2025-05-17,4483.87
2022-02-08,2025-05-17,2025-05-17,4521.54
2022-02-09,2025-05-17,2025-05-17,4587.18
2022-02-10,2025-05-17,2025-05-17,4504.08
2022-02-11,2025-05-17,2025-05-17,4418.64
2022-02-14,2025-05-17,2025-05-17,4401.67
2022-02-15,2025-05-17,2025-05-17,4471.07
2022-02-16,2025-05-17,2025-05-17,4475.01
2022-02-17,2025-05-17,2025-05-17,4380.26
2022-02-18,2025-05-17,2025-05-17,4348.87
2022-02-21,2025-05-17,2025-05-17,
2022-02-22,2025-05-17,2025-05-17,4304.76
2022-02-23,2025-05-17,2025-05-17,4225.5
2022-02-24,2025-05-17,2025-05-17,4288.7
2022-02-25,2025-05-17,2025-05-17,4384.65
2022-02-28,2025-05-17,2025-05-17,4373.94
2022-03-01,2025-05-17,2025-05-17,4306.26
2022-03-02,2025-05-17,2025-05-17,4386.54
2022-03-03,2025-05-17,2025-05-17,4363.49
2022-03-04,2025-05-17,2025-05-17,4328.87
2022-03-07,2025-05-17,2025-05-17,4201.09
2022-03-08,2025-05-17,2025-05-17,4170.7
2022-03-09,2025-05-17,2025-05-17,4277.88
2022-03-10,2025-05-17,2025-05-17,4259.52
2022-03-11,2025-05-17,2025-05-17,4204.31
2022-03-14,2025-05-17,2025-05-17,4173.11
2022-03-15,2025-05-17,2025-05-17,4262.45
2022-03-16,2025-05-17,2025-05-17,4357.86
2022-03-17,2025-05-17,2025-05-17,4411.67
2022-03-18,2025-05-17,2025-05-17,4463.12
2022-03-21,2025-05-17,2025-05-17,4461.18
2022-03-22,2025-05-17,2025-05-17,4511.61
2022-03-23,2025-05-17,2025-05-17,4456.24
2022-03-24,2025-05-17,2025-05-17,4520.16
2022-03-25,2025-05-17,2025-05-17,4543.06
2022-03-28,2025-05-17,2025-05-17,4575.52
2022-03-29,2025-05-17,2025-05-17,4631.6
2022-03-30,2025-05-17,2025-05-17,4602.45
2022-03-31,2025-05-17,2025-05-17,4530.41
2022-04-01,2025-05-17,2025-05-17,4545.86
2022-04-04,2025-05-17,2025-05-17,4582.64
2022-04-05,2025-05-17,2025-05-17,4525.12
2022-04-06,2025-05-17,2025-05-17,4481.15
2022-04-07,2025-05-17,2025-05-17,4500.21
2022-04-08,2025-05-17,2025-05-17,4488.28
2022-04-11,2025-05-17,2025-05-17,4412.53
2022-04-12,2025-05-17,2025-05-17,4397.45
2022-04-13,2025-05-17,2025-05-17,4446.59
2022-04-14,2025-05-17,2025-05-17,4392.59
2022-04-15,2025-05-17,2025-05-17,
2022-04-18,2025-05-17,2025-05-17,4391.69
2022-04-19,2025-05-17,2025-05-17,4462.21
2022-04-20,2025-05-17,2025-05-17,4459.45
2022-04-21,2025-05-17,2025-05-17,4393.66
2022-04-22,2025-05-17,2025-05-17,4271.78
2022-04-25,2025-05-17,2025-05-17,4296.12
2022-04-26,2025-05-17,2025-05-17,4175.2
2022-04-27,2025-05-17,2025-05-17,4183.96
2022-04-28,2025-05-17,2025-05-17,4287.5
2022-04-29,2025-05-17,2025-05-17,4131.93
2022-05-02,2025-05-17,2025-05-17,4155.38
2022-05-03,2025-05-17,2025-05-17,4175.48
2022-05-04,2025-05-17,2025-05-17,4300.17
2022-05-05,2025-05-17,2025-05-17,4146.87
2022-05-06,2025-05-17,2025-05-17,4123.34
2022-05-09,2025-05-17,2025-05-17,3991.24
2022-05-10,2025-05-17,2025-05-17,4001.05
2022-05-11,2025-05-17,2025-05-17,3935.18
2022-05-12,2025-05-17,2025-05-17,3930.08
2022-05-13,2025-05-17,2025-05-17,4023.89
2022-05-16,2025-05-17,2025-05-17,4008.01
2022-05-17,2025-05-17,2025-05-17,4088.85
2022-05-18,2025-05-17,2025-05-17,3923.68
2022-05-19,2025-05-17,2025-05-17,3900.79
2022-05-20,2025-05-17,2025-05-17,3901.36
2022-05-23,2025-05-17,2025-05-17,3973.75
2022-05-24,2025-05-17,2025-05-17,3941.48
2022-05-25,2025-05-17,2025-05-17,3978.73
2022-05-26,2025-05-17,2025-05-17,4057.84
2022-05-27,2025-05-17,2025-05-17,4158.24
2022-05-30,2025-05-17,2025-05-17,
2022-05-31,2025-05-17,2025-05-17,4132.15
2022-06-01,2025-05-17,2025-05-17,4101.23
2022-06-02,2025-05-17,2025-05-17,4176.82
2022-06-03,2025-05-17,2025-05-17,4108.54
2022-06-06,2025-05-17,2025-05-17,4121.43
2022-06-07,2025-05-17,2025-05-17,4160.68
2022-06-08,2025-05-17,2025-05-17,4115.77
2022-06-09,2025-05-17,2025-05-17,4017.82
2022-06-10,2025-05-17,2025-05-17,3900.86
2022-06-13,2025-05-17,2025-05-17,3749.63
2022-06-14,2025-05-17,2025-05-17,3735.48
2022-06-15,2025-05-17,2025-05-17,3789.99
2022-06-16,2025-05-17,2025-05-17,3666.77
2022-06-17,2025-05-17,2025-05-17,3674.84
2022-06-20,2025-05-17,2025-05-17,
2022-06-21,2025-05-17,2025-05-17,3764.79
2022-06-22,2025-05-17,2025-05-17,3759.89
2022-06-23,2025-05-17,2025-05-17,3795.73
2022-06-24,2025-05-17,2025-05-17,3911.74
2022-06-27,2025-05-17,2025-05-17,3900.11
2022-06-28,2025-05-17,2025-05-17,3821.55
2022-06-29,2025-05-17,2025-05-17,3818.83
2022-06-30,2025-05-17,2025-05-17,3785.38
2022-07-01,2025-05-17,2025-05-17,3825.33
2022-07-04,2025-05-17,2025-05-17,
2022-07-05,2025-05-17,2025-05-17,3831.39
2022-07-06,2025-05-17,2025-05-17,3845.08
2022-07-07,2025-05-17,2025-05-17,3902.62
2022-07-08,2025-05-17,2025-05-17,3899.38
2022-07-11,2025-05-17,2025-05-17,3854.43
2022-07-12,2025-05-17,2025-05-17,3818.8
2022-07-13,2025-05-17,2025-05-17,3801.78
2022-07-14,2025-05-17,2025-05-17,3790.38
2022-07-15,2025-05-17,2025-05-17,3863.16
2022-07-18,2025-05-17,2025-05-17,3830.85
2022-07-19,2025-05-17,2025-05-17,3936.69
2022-07-20,2025-05-17,2025-05-17,3959.9
2022-07-21,2025-05-17,2025-05-17,3998.95
2022-07-22,2025-05-17,2025-05-17,3961.63
2022-07-25,2025-05-17,2025-05-17,3966.84
2022-07-26,2025-05-17,2025-05-17,3921.05
2022-07-27,2025-05-17,2025-05-17,4023.61
2022-07-28,2025-05-17,2025-05-17,4072.43
2022-07-29,2025-05-17,2025-05-17,4130.29
2022-08-01,2025-05-17,2025-05-17,4118.63
2022-08-02,2025-05-17,2025-05-17,4091.19
2022-08-03,2025-05-17,2025-05-17,4155.17
2022-08-04,2025-05-17,2025-05-17,4151.94
2022-08-05,2025-05-17,2025-05-17,4145.19
2022-08-08,2025-05-17,2025-05-17,4140.06
2022-08-09,2025-05-17,2025-05-17,4122.47
2022-08-10,2025-05-17,2025-05-17,4210.24
2022-08-11,2025-05-17,2025-05-17,4207.27
2022-08-12,2025-05-17,2025-05-17,4280.15
2022-08-15,2025-05-17,2025-05-17,4297.14
2022-08-16,2025-05-17,2025-05-17,4305.2
2022-08-17,2025-05-17,2025-05-17,4274.04
2022-08-18,2025-05-17,2025-05-17,4283.74
2022-08-19,2025-05-17,2025-05-17,4228.48
2022-08-22,2025-05-17,2025-05-17,4137.99
2022-08-23,2025-05-17,2025-05-17,4128.73
2022-08-24,2025-05-17,2025-05-17,4140.77
2022-08-25,2025-05-17,2025-05-17,4199.12
2022-08-26,2025-05-17,2025-05-17,4057.66
2022-08-29,2025-05-17,2025-05-17,4030.61
2022-08-30,2025-05-17,2025-05-17,3986.16
2022-08-31,2025-05-17,2025-05-17,3955.0
2022-09-01,2025-05-17,2025-05-17,3966.85
2022-09-02,2025-05-17,2025-05-17,3924.26
2022-09-05,2025-05-17,2025-05-17,
2022-09-06,2025-05-17,2025-05-17,3908.19
2022-09-07,2025-05-17,2025-05-17,3979.87
2022-09-08,2025-05-17,2025-05-17,4006.18
2022-09-09,2025-05-17,2025-05-17,4067.36
2022-09-12,2025-05-17,2025-05-17,4110.41
2022-09-13,2025-05-17,2025-05-17,3932.69
2022-09-14,2025-05-17,2025-05-17,3946.01
2022-09-15,2025-05-17,2025-05-17,3901.35
2022-09-16,2025-05-17,2025-05-17,3873.33
2022-09-19,2025-05-17,2025-05-17,3899.89
2022-09-20,2025-05-17,2025-05-17,3855.93
2022-09-21,2025-05-17,2025-05-17,3789.93
2022-09-22,2025-05-17,2025-05-17,3757.99
2022-09-23,2025-05-17,2025-05-17,3693.23
2022-09-26,2025-05-17,2025-05-17,3655.04
2022-09-27,2025-05-17,2025-05-17,3647.29
2022-09-28,2025-05-17,2025-05-17,3719.04
2022-09-29,2025-05-17,2025-05-17,3640.47
2022-09-30,2025-05-17,2025-05-17,3585.62
2022-10-03,2025-05-17,2025-05-17,3678.43
2022-10-04,2025-05-17,2025-05-17,3790.93
2022-10-05,2025-05-17,2025-05-17,3783.28
2022-10-06,2025-05-17,2025-05-17,3744.52
2022-10-07,2025-05-17,2025-05-17,3639.66
2022-10-10,2025-05-17,2025-05-17,3612.39
2022-10-11,2025-05-17,2025-05-17,3588.84
2022-10-12,2025-05-17,2025-05-17,3577.03
2022-10-13,2025-05-17,2025-05-17,3669.91
2022-10-14,2025-05-17,2025-05-17,3583.07
2022-10-17,2025-05-17,2025-05-17,3677.95
2022-10-18,2025-05-17,2025-05-17,3719.98
2022-10-19,2025-05-17,2025-05-17,3695.16
2022-10-20,2025-05-17,2025-05-17,3665.78
2022-10-21,2025-05-17,2025-05-17,3752.75
2022-10-24,2025-05-17,2025-05-17,3797.34
2022-10-25,2025-05-17,2025-05-17,3859.11
2022-10-26,2025-05-17,2025-05-17,3830.6
2022-10-27,2025-05-17,2025-05-17,3807.3
2022-10-28,2025-05-17,2025-05-17,3901.06
2022-10-31,2025-05-17,2025-05-17,3871.98
2022-11-01,2025-05-17,2025-05-17,3856.1
2022-11-02,2025-05-17,2025-05-17,3759.69
2022-11-03,2025-05-17,2025-05-17,3719.89
2022-11-04,2025-05-17,2025-05-17,3770.55
2022-11-07,2025-05-17,2025-05-17,3806.8
2022-11-08,2025-05-17,2025-05-17,3828.11
2022-11-09,2025-05-17,2025-05-17,3748.57
2022-11-10,2025-05-17,2025-05-17,3956.37
2022-11-11,2025-05-17,2025-05-17,3992.93
2022-11-14,2025-05-17,2025-05-17,3957.25
2022-11-15,2025-05-17,2025-05-17,3991.73
2022-11-16,2025-05-17,2025-05-17,3958.79
2022-11-17,2025-05-17,2025-05-17,3946.56
2022-11-18,2025-05-17,2025-05-17,3965.34
2022-11-21,2025-05-17,2025-05-17,3949.94
2022-11-22,2025-05-17,2025-05-17,4003.58
2022-11-23,2025-05-17,2025-05-17,4027.26
2022-11-24,2025-05-17,2025-05-17,
2022-11-25,2025-05-17,2025-05-17,4026.12
2022-11-28,2025-05-17,2025-05-17,3963.94
2022-11-29,2025-05-17,2025-05-17,3957.63
2022-11-30,2025-05-17,2025-05-17,4080.11
2022-12-01,2025-05-17,2025-05-17,4076.57
2022-12-02,2025-05-17,2025-05-17,4071.7
2022-12-05,2025-05-17,2025-05-17,3998.84
2022-12-06,2025-05-17,2025-05-17,3941.26
2022-12-07,2025-05-17,2025-05-17,3933.92
2022-12-08,2025-05-17,2025-05-17,3963.51
2022-12-09,2025-05-17,2025-05-17,3934.38
2022-12-12,2025-05-17,2025-05-17,3990.56
2022-12-13,2025-05-17,2025-05-17,4019.65
2022-12-14,2025-05-17,2025-05-17,3995.32
2022-12-15,2025-05-17,2025-05-17,3895.75
2022-12-16,2025-05-17,2025-05-17,3852.36
2022-12-19,2025-05-17,2025-05-17,3817.66
2022-12-20,2025-05-17,2025-05-17,3821.62
2022-12-21,2025-05-17,2025-05-17,3878.44
2022-12-22,2025-05-17,2025-05-17,3822.39
2022-12-23,2025-05-17,2025-05-17,3844.82
2022-12-26,2025-05-17,2025-05-17,
2022-12-27,2025-05-17,2025-05-17,3829.25
2022-12-28,2025-05-17,2025-05-17,3783.22
2022-12-29,2025-05-17,2025-05-17,3849.28
2022-12-30,2025-05-17,2025-05-17,3839.5
2023-01-02,2025-05-17,2025-05-17,
2023-01-03,2025-05-17,2025-05-17,3824.14
2023-01-04,2025-05-17,2025-05-17,3852.97
2023-01-05,2025-05-17,2025-05-17,3808.1
2023-01-06,2025-05-17,2025-05-17,3895.08
2023-01-09,2025-05-17,2025-05-17,3892.09
2023-01-10,2025-05-17,2025-05-17,3919.25
2023-01-11,2025-05-17,2025-05-17,3969.61
2023-01-12,2025-05-17,2025-05-17,3983.17
2023-01-13,2025-05-17,2025-05-17,3999.09
2023-01-16,2025-05-17,2025-05-17,
2023-01-17,2025-05-17,2025-05-17,3990.97
2023-01-18,2025-05-17,2025-05-17,3928.86
2023-01-19,2025-05-17,2025-05-17,3898.85
2023-01-20,2025-05-17,2025-05-17,3972.61
2023-01-23,2025-05-17,2025-05-17,4019.81
2023-01-24,2025-05-17,2025-05-17,4016.95
2023-01-25,2025-05-17,2025-05-17,4016.22
2023-01-26,2025-05-17,2025-05-17,4060.43
2023-01-27,2025-05-17,2025-05-17,4070.56
2023-01-30,2025-05-17,2025-05-17,4017.77
2023-01-31,2025-05-17,2025-05-17,4076.6
2023-02-01,2025-05-17,2025-05-17,4119.21
2023-02-02,2025-05-17,2025-05-17,4179.76
2023-02-03,2025-05-17,2025-05-17,4136.48
2023-02-06,2025-05-17,2025-05-17,4111.08
2023-02-07,2025-05-17,2025-05-17,4164.0
2023-02-08,2025-05-17,2025-05-17,4117.86
2023-02-09,2025-05-17,2025-05-17,4081.5
2023-02-10,2025-05-17,2025-05-17,4090.46
2023-02-13,2025-05-17,2025-05-17,4137.29
2023-02-14,2025-05-17,2025-05-17,4136.13
2023-02-15,2025-05-17,2025-05-17,4147.6
2023-02-16,2025-05-17,2025-05-17,4090.41
2023-02-17,2025-05-17,2025-05-17,4079.09
2023-02-20,2025-05-17,2025-05-17,
2023-02-21,2025-05-17,2025-05-17,3997.34
2023-02-22,2025-05-17,2025-05-17,3991.05
2023-02-23,2025-05-17,2025-05-17,4012.32
2023-02-24,2025-05-17,2025-05-17,3970.04
2023-02-27,2025-05-17,2025-05-17,3982.24
2023-02-28,2025-05-17,2025-05-17,3970.15
2023-03-01,2025-05-17,2025-05-17,3951.39
2023-03-02,2025-05-17,2025-05-17,3981.35
2023-03-03,2025-05-17,2025-05-17,4045.64
2023-03-06,2025-05-17,2025-05-17,4048.42
2023-03-07,2025-05-17,2025-05-17,3986.37
2023-03-08,2025-05-17,2025-05-17,3992.01
2023-03-09,2025-05-17,2025-05-17,3918.32
2023-03-10,2025-05-17,2025-05-17,3861.59
2023-03-13,2025-05-17,2025-05-17,3855.76
2023-03-14,2025-05-17,2025-05-17,3919.29
2023-03-15,2025-05-17,2025-05-17,3891.93
2023-03-16,2025-05-17,2025-05-17,3960.28
2023-03-17,2025-05-17,2025-05-17,3916.64
2023-03-20,2025-05-17,2025-05-17,3951.57
2023-03-21,2025-05-17,2025-05-17,4002.87
2023-03-22,2025-05-17,2025-05-17,3936.97
2023-03-23,2025-05-17,2025-05-17,3948.72
2023-03-24,2025-05-17,2025-05-17,3970.99
2023-03-27,2025-05-17,2025-05-17,3977.53
2023-03-28,2025-05-17,2025-05-17,3971.27
2023-03-29,2025-05-17,2025-05-17,4027.81
2023-03-30,2025-05-17,2025-05-17,4050.83
2023-03-31,2025-05-17,2025-05-17,4109.31
2023-04-03,2025-05-17,2025-05-17,4124.51
2023-04-04,2025-05-17,2025-05-17,4100.6
2023-04-05,2025-05-17,2025-05-17,4090.38
2023-04-06,2025-05-17,2025-05-17,4105.02
2023-04-07,2025-05-17,2025-05-17,
2023-04-10,2025-05-17,2025-05-17,4109.11
2023-04-11,2025-05-17,2025-05-17,4108.94
2023-04-12,2025-05-17,2025-05-17,4091.95
2023-04-13,2025-05-17,2025-05-17,4146.22
2023-04-14,2025-05-17,2025-05-17,4137.64
2023-04-17,2025-05-17,2025-05-17,4151.32
2023-04-18,2025-05-17,2025-05-17,4154.87
2023-04-19,2025-05-17,2025-05-17,4154.52
2023-04-20,2025-05-17,2025-05-17,4129.79
2023-04-21,2025-05-17,2025-05-17,4133.52
2023-04-24,2025-05-17,2025-05-17,4137.04
2023-04-25,2025-05-17,2025-05-17,4071.63
2023-04-26,2025-05-17,2025-05-17,4055.99
2023-04-27,2025-05-17,2025-05-17,4135.35
2023-04-28,2025-05-17,2025-05-17,4169.48
2023-05-01,2025-05-17,2025-05-17,4167.87
2023-05-02,2025-05-17,2025-05-17,4119.58
2023-05-03,2025-05-17,2025-05-17,4090.75
2023-05-04,2025-05-17,2025-05-17,4061.22
2023-05-05,2025-05-17,2025-05-17,4136.25
2023-05-08,2025-05-17,2025-05-17,4138.12
2023-05-09,2025-05-17,2025-05-17,4119.17
2023-05-10,2025-05-17,2025-05-17,4137.64
2023-05-11,2025-05-17,2025-05-17,4130.62
2023-05-12,2025-05-17,2025-05-17,4124.08
2023-05-15,2025-05-17,2025-05-17,4136.28
2023-05-16,2025-05-17,2025-05-17,4109.9
2023-05-17,2025-05-17,2025-05-17,4158.77
2023-05-18,2025-05-17,2025-05-17,4198.05
2023-05-19,2025-05-17,2025-05-17,4191.98
2023-05-22,2025-05-17,2025-05-17,4192.63
2023-05-23,2025-05-17,2025-05-17,4145.58
2023-05-24,2025-05-17,2025-05-17,4115.24
2023-05-25,2025-05-17,2025-05-17,4151.28
2023-05-26,2025-05-17,2025-05-17,4205.45
2023-05-29,2025-05-17,2025-05-17,
2023-05-30,2025-05-17,2025-05-17,4205.52
2023-05-31,2025-05-17,2025-05-17,4179.83
2023-06-01,2025-05-17,2025-05-17,4221.02
2023-06-02,2025-05-17,2025-05-17,4282.37
2023-06-05,2025-05-17,2025-05-17,4273.79
2023-06-06,2025-05-17,2025-05-17,4283.85
2023-06-07,2025-05-17,2025-05-17,4267.52
2023-06-08,2025-05-17,2025-05-17,4293.93
2023-06-09,2025-05-17,2025-05-17,4298.86
2023-06-12,2025-05-17,2025-05-17,4338.93
2023-06-13,2025-05-17,2025-05-17,4369.01
2023-06-14,2025-05-17,2025-05-17,4372.59
2023-06-15,2025-05-17,2025-05-17,4425.84
2023-06-16,2025-05-17,2025-05-17,4409.59
2023-06-19,2025-05-17,2025-05-17,
2023-06-20,2025-05-17,2025-05-17,4388.71
2023-06-21,2025-05-17,2025-05-17,4365.69
2023-06-22,2025-05-17,2025-05-17,4381.89
2023-06-23,2025-05-17,2025-05-17,4348.33
2023-06-26,2025-05-17,2025-05-17,4328.82
2023-06-27,2025-05-17,2025-05-17,4378.41
2023-06-28,2025-05-17,2025-05-17,4376.86
2023-06-29,2025-05-17,2025-05-17,4396.44
2023-06-30,2025-05-17,2025-05-17,4450.38
2023-07-03,2025-05-17,2025-05-17,4455.59
2023-07-04,2025-05-17,2025-05-17,
2023-07-05,2025-05-17,2025-05-17,4446.82
2023-07-06,2025-05-17,2025-05-17,4411.59
2023-07-07,2025-05-17,2025-05-17,4398.95
2023-07-10,2025-05-17,2025-05-17,4409.53
2023-07-11,2025-05-17,2025-05-17,4439.26
2023-07-12,2025-05-17,2025-05-17,4472.16
2023-07-13,2025-05-17,2025-05-17,4510.04
2023-07-14,2025-05-17,2025-05-17,4505.42
2023-07-17,2025-05-17,2025-05-17,4522.79
2023-07-18,2025-05-17,2025-05-17,4554.98
2023-07-19,2025-05-17,2025-05-17,4565.72
2023-07-20,2025-05-17,2025-05-17,4534.87
2023-07-21,2025-05-17,2025-05-17,4536.34
2023-07-24,2025-05-17,2025-05-17,4554.64
2023-07-25,2025-05-17,2025-05-17,4567.46
2023-07-26,2025-05-17,2025-05-17,4566.75
2023-07-27,2025-05-17,2025-05-17,4537.41
2023-07-28,2025-05-17,2025-05-17,4582.23
2023-07-31,2025-05-17,2025-05-17,4588.96
2023-08-01,2025-05-17,2025-05-17,4576.73
2023-08-02,2025-05-17,2025-05-17,4513.39
2023-08-03,2025-05-17,2025-05-17,4501.89
2023-08-04,2025-05-17,2025-05-17,4478.03
2023-08-07,2025-05-17,2025-05-17,4518.44
2023-08-08,2025-05-17,2025-05-17,4499.38
2023-08-09,2025-05-17,2025-05-17,4467.71
2023-08-10,2025-05-17,2025-05-17,4468.83
2023-08-11,2025-05-17,2025-05-17,4464.05
2023-08-14,2025-05-17,2025-05-17,4489.72
2023-08-15,2025-05-17,2025-05-17,4437.86
2023-08-16,2025-05-17,2025-05-17,4404.33
2023-08-17,2025-05-17,2025-05-17,4370.36
2023-08-18,2025-05-17,2025-05-17,4369.71
2023-08-21,2025-05-17,2025-05-17,4399.77
2023-08-22,2025-05-17,2025-05-17,4387.55
2023-08-23,2025-05-17,2025-05-17,4436.01
2023-08-24,2025-05-17,2025-05-17,4376.31
2023-08-25,2025-05-17,2025-05-17,4405.71
2023-08-28,2025-05-17,2025-05-17,4433.31
2023-08-29,2025-05-17,2025-05-17,4497.63
2023-08-30,2025-05-17,2025-05-17,4514.87
2023-08-31,2025-05-17,2025-05-17,4507.66
2023-09-01,2025-05-17,2025-05-17,4515.77
2023-09-04,2025-05-17,2025-05-17,
2023-09-05,2025-05-17,2025-05-17,4496.83
2023-09-06,2025-05-17,2025-05-17,4465.48
2023-09-07,2025-05-17,2025-05-17,4451.14
2023-09-08,2025-05-17,2025-05-17,4457.49
2023-09-11,2025-05-17,2025-05-17,4487.46
2023-09-12,2025-05-17,2025-05-17,4461.9
2023-09-13,2025-05-17,2025-05-17,4467.44
2023-09-14,2025-05-17,2025-05-17,4505.1
2023-09-15,2025-05-17,2025-05-17,4450.32
2023-09-18,2025-05-17,2025-05-17,4453.53
2023-09-19,2025-05-17,2025-05-17,4443.95
2023-09-20,2025-05-17,2025-05-17,4402.2
2023-09-21,2025-05-17,2025-05-17,4330.0
2023-09-22,2025-05-17,2025-05-17,4320.06
2023-09-25,2025-05-17,2025-05-17,4337.44
2023-09-26,2025-05-17,2025-05-17,4273.53
2023-09-27,2025-05-17,2025-05-17,4274.51
2023-09-28,2025-05-17,2025-05-17,4299.7
2023-09-29,2025-05-17,2025-05-17,4288.05
2023-10-02,2025-05-17,2025-05-17,4288.39
2023-10-03,2025-05-17,2025-05-17,4229.45
2023-10-04,2025-05-17,2025-05-17,4263.75
2023-10-05,2025-05-17,2025-05-17,4258.19
2023-10-06,2025-05-17,2025-05-17,4308.5
2023-10-09,2025-05-17,2025-05-17,4335.66
2023-10-10,2025-05-17,2025-05-17,4358.24
2023-10-11,2025-05-17,2025-05-17,4376.95
2023-10-12,2025-05-17,2025-05-17,4349.61
2023-10-13,2025-05-17,2025-05-17,4327.78
2023-10-16,2025-05-17,2025-05-17,4373.63
2023-10-17,2025-05-17,2025-05-17,4373.2
2023-10-18,2025-05-17,2025-05-17,4314.6
2023-10-19,2025-05-17,2025-05-17,4278.0
2023-10-20,2025-05-17,2025-05-17,4224.16
2023-10-23,2025-05-17,2025-05-17,4217.04
2023-10-24,2025-05-17,2025-05-17,4247.68
2023-10-25,2025-05-17,2025-05-17,4186.77
2023-10-26,2025-05-17,2025-05-17,4137.23
2023-10-27,2025-05-17,2025-05-17,4117.37
2023-10-30,2025-05-17,2025-05-17,4166.82
2023-10-31,2025-05-17,2025-05-17,4193.8
2023-11-01,2025-05-17,2025-05-17,4237.86
2023-11-02,2025-05-17,2025-05-17,4317.78
2023-11-03,2025-05-17,2025-05-17,4358.34
2023-11-06,2025-05-17,2025-05-17,4365.98
2023-11-07,2025-05-17,2025-05-17,4378.38
2023-11-08,2025-05-17,2025-05-17,4382.78
2023-11-09,2025-05-17,2025-05-17,4347.35
2023-11-10,2025-05-17,2025-05-17,4415.24
2023-11-13,2025-05-17,2025-05-17,4411.55
2023-11-14,2025-05-17,2025-05-17,4495.7
2023-11-15,2025-05-17,2025-05-17,4502.88
2023-11-16,2025-05-17,2025-05-17,4508.24
2023-11-17,2025-05-17,2025-05-17,4514.02
2023-11-20,2025-05-17,2025-05-17,4547.38
2023-11-21,2025-05-17,2025-05-17,4538.19
2023-11-22,2025-05-17,2025-05-17,4556.62
2023-11-23,2025-05-17,2025-05-17,
2023-11-24,2025-05-17,2025-05-17,4559.34
2023-11-27,2025-05-17,2025-05-17,4550.43
2023-11-28,2025-05-17,2025-05-17,4554.89
2023-11-29,2025-05-17,2025-05-17,4550.58
2023-11-30,2025-05-17,2025-05-17,4567.8
2023-12-01,2025-05-17,2025-05-17,4594.63
2023-12-04,2025-05-17,2025-05-17,4569.78
2023-12-05,2025-05-17,2025-05-17,4567.18
2023-12-06,2025-05-17,2025-05-17,4549.34
2023-12-07,2025-05-17,2025-05-17,4585.59
2023-12-08,2025-05-17,2025-05-17,4604.37
2023-12-11,2025-05-17,2025-05-17,4622.44
2023-12-12,2025-05-17,2025-05-17,4643.7
2023-12-13,2025-05-17,2025-05-17,4707.09
2023-12-14,2025-05-17,2025-05-17,4719.55
2023-12-15,2025-05-17,2025-05-17,4719.19
2023-12-18,2025-05-17,2025-05-17,4740.56
2023-12-19,2025-05-17,2025-05-17,4768.37
2023-12-20,2025-05-17,2025-05-17,4698.35
2023-12-21,2025-05-17,2025-05-17,4746.75
2023-12-22,2025-05-17,2025-05-17,4754.63
2023-12-25,2025-05-17,2025-05-17,
2023-12-26,2025-05-17,2025-05-17,4774.75
2023-12-27,2025-05-17,2025-05-17,4781.58
2023-12-28,2025-05-17,2025-05-17,4783.35
2023-12-29,2025-05-17,2025-05-17,4769.83
2024-01-01,2025-05-17,2025-05-17,
2024-01-02,2025-05-17,2025-05-17,4742.83
2024-01-03,2025-05-17,2025-05-17,4704.81
2024-01-04,2025-05-17,2025-05-17,4688.68
2024-01-05,2025-05-17,2025-05-17,4697.24
2024-01-08,2025-05-17,2025-05-17,4763.54
2024-01-09,2025-05-17,2025-05-17,4756.5
2024-01-10,2025-05-17,2025-05-17,4783.45
2024-01-11,2025-05-17,2025-05-17,4780.24
2024-01-12,2025-05-17,2025-05-17,4783.83
2024-01-15,2025-05-17,2025-05-17,
2024-01-16,2025-05-17,2025-05-17,4765.98
2024-01-17,2025-05-17,2025-05-17,4739.21
2024-01-18,2025-05-17,2025-05-17,4780.94
2024-01-19,2025-05-17,2025-05-17,4839.81
2024-01-22,2025-05-17,2025-05-17,4850.43
2024-01-23,2025-05-17,2025-05-17,4864.6
2024-01-24,2025-05-17,2025-05-17,4868.55
2024-01-25,2025-05-17,2025-05-17,4894.16
2024-01-26,2025-05-17,2025-05-17,4890.97
2024-01-29,2025-05-17,2025-05-17,4927.93
2024-01-30,2025-05-17,2025-05-17,4924.97
2024-01-31,2025-05-17,2025-05-17,4845.65
2024-02-01,2025-05-17,2025-05-17,4906.19
2024-02-02,2025-05-17,2025-05-17,4958.61
2024-02-05,2025-05-17,2025-05-17,4942.81
2024-02-06,2025-05-17,2025-05-17,4954.23
2024-02-07,2025-05-17,2025-05-17,4995.06
2024-02-08,2025-05-17,2025-05-17,4997.91
2024-02-09,2025-05-17,2025-05-17,5026.61
2024-02-12,2025-05-17,2025-05-17,5021.84
2024-02-13,2025-05-17,2025-05-17,4953.17
2024-02-14,2025-05-17,2025-05-17,5000.62
2024-02-15,2025-05-17,2025-05-17,5029.73
2024-02-16,2025-05-17,2025-05-17,5005.57
2024-02-19,2025-05-17,2025-05-17,
2024-02-20,2025-05-17,2025-05-17,4975.51
2024-02-21,2025-05-17,2025-05-17,4981.8
2024-02-22,2025-05-17,2025-05-17,5087.03
2024-02-23,2025-05-17,2025-05-17,5088.8
2024-02-26,2025-05-17,2025-05-17,5069.53
2024-02-27,2025-05-17,2025-05-17,5078.18
2024-02-28,2025-05-17,2025-05-17,5069.76
2024-02-29,2025-05-17,2025-05-17,5096.27
2024-03-01,2025-05-17,2025-05-17,5137.08
2024-03-04,2025-05-17,2025-05-17,5130.95
2024-03-05,2025-05-17,2025-05-17,5078.65
2024-03-06,2025-05-17,2025-05-17,5104.76
2024-03-07,2025-05-17,2025-05-17,5157.36
2024-03-08,2025-05-17,2025-05-17,5123.69
2024-03-11,2025-05-17,2025-05-17,5117.94
2024-03-12,2025-05-17,2025-05-17,5175.27
2024-03-13,2025-05-17,2025-05-17,5165.31
2024-03-14,2025-05-17,2025-05-17,5150.48
2024-03-15,2025-05-17,2025-05-17,5117.09
2024-03-18,2025-05-17,2025-05-17,5149.42
2024-03-19,2025-05-17,2025-05-17,5178.51
2024-03-20,2025-05-17,2025-05-17,5224.62
2024-03-21,2025-05-17,2025-05-17,5241.53
2024-03-22,2025-05-17,2025-05-17,5234.18
2024-03-25,2025-05-17,2025-05-17,5218.19
2024-03-26,2025-05-17,2025-05-17,5203.58
2024-03-27,2025-05-17,2025-05-17,5248.49
2024-03-28,2025-05-17,2025-05-17,5254.35
2024-03-29,2025-05-17,2025-05-17,
2024-04-01,2025-05-17,2025-05-17,5243.77
2024-04-02,2025-05-17,2025-05-17,5205.81
2024-04-03,2025-05-17,2025-05-17,5211.49
2024-04-04,2025-05-17,2025-05-17,5147.21
2024-04-05,2025-05-17,2025-05-17,5204.34
2024-04-08,2025-05-17,2025-05-17,5202.39
2024-04-09,2025-05-17,2025-05-17,5209.91
2024-04-10,2025-05-17,2025-05-17,5160.64
2024-04-11,2025-05-17,2025-05-17,5199.06
2024-04-12,2025-05-17,2025-05-17,5123.41
2024-04-15,2025-05-17,2025-05-17,5061.82
2024-04-16,2025-05-17,2025-05-17,5051.41
2024-04-17,2025-05-17,2025-05-17,5022.21
2024-04-18,2025-05-17,2025-05-17,5011.12
2024-04-19,2025-05-17,2025-05-17,4967.23
2024-04-22,2025-05-17,2025-05-17,5010.6
2024-04-23,2025-05-17,2025-05-17,5070.55
2024-04-24,2025-05-17,2025-05-17,5071.63
2024-04-25,2025-05-17,2025-05-17,5048.42
2024-04-26,2025-05-17,2025-05-17,5099.96
2024-04-29,2025-05-17,2025-05-17,5116.17
2024-04-30,2025-05-17,2025-05-17,5035.69
2024-05-01,2025-05-17,2025-05-17,5018.39
2024-05-02,2025-05-17,2025-05-17,5064.2
2024-05-03,2025-05-17,2025-05-17,5127.79
2024-05-06,2025-05-17,2025-05-17,5180.74
2024-05-07,2025-05-17,2025-05-17,5187.7
2024-05-08,2025-05-17,2025-05-17,5187.67
2024-05-09,2025-05-17,2025-05-17,5214.08
2024-05-10,2025-05-17,2025-05-17,5222.68
2024-05-13,2025-05-17,2025-05-17,5221.42
2024-05-14,2025-05-17,2025-05-17,5246.68
2024-05-15,2025-05-17,2025-05-17,5308.15
2024-05-16,2025-05-17,2025-05-17,5297.1
2024-05-17,2025-05-17,2025-05-17,5303.27
2024-05-20,2025-05-17,2025-05-17,5308.13
2024-05-21,2025-05-17,2025-05-17,5321.41
2024-05-22,2025-05-17,2025-05-17,5307.01
2024-05-23,2025-05-17,2025-05-17,5267.84
2024-05-24,2025-05-17,2025-05-17,5304.72
2024-05-27,2025-05-17,2025-05-17,
2024-05-28,2025-05-17,2025-05-17,5306.04
2024-05-29,2025-05-17,2025-05-17,5266.95
2024-05-30,2025-05-17,2025-05-17,5235.48
2024-05-31,2025-05-17,2025-05-17,5277.51
2024-06-03,2025-05-17,2025-05-17,5283.4
2024-06-04,2025-05-17,2025-05-17,5291.34
2024-06-05,2025-05-17,2025-05-17,5354.03
2024-06-06,2025-05-17,2025-05-17,5352.96
2024-06-07,2025-05-17,2025-05-17,5346.99
2024-06-10,2025-05-17,2025-05-17,5360.79
2024-06-11,2025-05-17,2025-05-17,5375.32
2024-06-12,2025-05-17,2025-05-17,5421.03
2024-06-13,2025-05-17,2025-05-17,5433.74
2024-06-14,2025-05-17,2025-05-17,5431.6
2024-06-17,2025-05-17,2025-05-17,5473.23
2024-06-18,2025-05-17,2025-05-17,5487.03
2024-06-19,2025-05-17,2025-05-17,
2024-06-20,2025-05-17,2025-05-17,5473.17
2024-06-21,2025-05-17,2025-05-17,5464.62
2024-06-24,2025-05-17,2025-05-17,5447.87
2024-06-25,2025-05-17,2025-05-17,5469.3
2024-06-26,2025-05-17,2025-05-17,5477.9
2024-06-27,2025-05-17,2025-05-17,5482.87
2024-06-28,2025-05-17,2025-05-17,5460.48
2024-07-01,2025-05-17,2025-05-17,5475.09
2024-07-02,2025-05-17,2025-05-17,5509.01
2024-07-03,2025-05-17,2025-05-17,5537.02
2024-07-04,2025-05-17,2025-05-17,
2024-07-05,2025-05-17,2025-05-17,5567.19
2024-07-08,2025-05-17,2025-05-17,5572.85
2024-07-09,2025-05-17,2025-05-17,5576.98
2024-07-10,2025-05-17,2025-05-17,5633.91
2024-07-11,2025-05-17,2025-05-17,5584.54
2024-07-12,2025-05-17,2025-05-17,5615.35
2024-07-15,2025-05-17,2025-05-17,5631.22
2024-07-16,2025-05-17,2025-05-17,5667.2
2024-07-17,2025-05-17,2025-05-17,5588.27
2024-07-18,2025-05-17,2025-05-17,5544.59
2024-07-19,2025-05-17,2025-05-17,5505.0
2024-07-22,2025-05-17,2025-05-17,5564.41
2024-07-23,2025-05-17,2025-05-17,5555.74
2024-07-24,2025-05-17,2025-05-17,5427.13
2024-07-25,2025-05-17,2025-05-17,5399.22
2024-07-26,2025-05-17,2025-05-17,5459.1
2024-07-29,2025-05-17,2025-05-17,5463.54
2024-07-30,2025-05-17,2025-05-17,5436.44
2024-07-31,2025-05-17,2025-05-17,5522.3
2024-08-01,2025-05-17,2025-05-17,5446.68
2024-08-02,2025-05-17,2025-05-17,5346.56
2024-08-05,2025-05-17,2025-05-17,5186.33
2024-08-06,2025-05-17,2025-05-17,5240.03
2024-08-07,2025-05-17,2025-05-17,5199.5
2024-08-08,2025-05-17,2025-05-17,5319.31
2024-08-09,2025-05-17,2025-05-17,5344.16
2024-08-12,2025-05-17,2025-05-17,5344.39
2024-08-13,2025-05-17,2025-05-17,5434.43
2024-08-14,2025-05-17,2025-05-17,5455.21
2024-08-15,2025-05-17,2025-05-17,5543.22
2024-08-16,2025-05-17,2025-05-17,5554.25
2024-08-19,2025-05-17,2025-05-17,5608.25
2024-08-20,2025-05-17,2025-05-17,5597.12
2024-08-21,2025-05-17,2025-05-17,5620.85
2024-08-22,2025-05-17,2025-05-17,5570.64
2024-08-23,2025-05-17,2025-05-17,5634.61
2024-08-26,2025-05-17,2025-05-17,5616.84
2024-08-27,2025-05-17,2025-05-17,5625.8
2024-08-28,2025-05-17,2025-05-17,5592.18
2024-08-29,2025-05-17,2025-05-17,5591.96
2024-08-30,2025-05-17,2025-05-17,5648.4
2024-09-02,2025-05-17,2025-05-17,
2024-09-03,2025-05-17,2025-05-17,5528.93
2024-09-04,2025-05-17,2025-05-17,5520.07
2024-09-05,2025-05-17,2025-05-17,5503.41
2024-09-06,2025-05-17,2025-05-17,5408.42
2024-09-09,2025-05-17,2025-05-17,5471.05
2024-09-10,2025-05-17,2025-05-17,5495.52
2024-09-11,2025-05-17,2025-05-17,5554.13
2024-09-12,2025-05-17,2025-05-17,5595.76
2024-09-13,2025-05-17,2025-05-17,5626.02
2024-09-16,2025-05-17,2025-05-17,5633.09
2024-09-17,2025-05-17,2025-05-17,5634.58
2024-09-18,2025-05-17,2025-05-17,5618.26
2024-09-19,2025-05-17,2025-05-17,5713.64
2024-09-20,2025-05-17,2025-05-17,5702.55
2024-09-23,2025-05-17,2025-05-17,5718.57
2024-09-24,2025-05-17,2025-05-17,5732.93
2024-09-25,2025-05-17,2025-05-17,5722.26
2024-09-26,2025-05-17,2025-05-17,5745.37
2024-09-27,2025-05-17,2025-05-17,5738.17
2024-09-30,2025-05-17,2025-05-17,5762.48
2024-10-01,2025-05-17,2025-05-17,5708.75
2024-10-02,2025-05-17,2025-05-17,5709.54
2024-10-03,2025-05-17,2025-05-17,5699.94
2024-10-04,2025-05-17,2025-05-17,5751.07
2024-10-07,2025-05-17,2025-05-17,5695.94
2024-10-08,2025-05-17,2025-05-17,5751.13
2024-10-09,2025-05-17,2025-05-17,5792.04
2024-10-10,2025-05-17,2025-05-17,5780.05
2024-10-11,2025-05-17,2025-05-17,5815.03
2024-10-14,2025-05-17,2025-05-17,5859.85
2024-10-15,2025-05-17,2025-05-17,5815.26
2024-10-16,2025-05-17,2025-05-17,5842.47
2024-10-17,2025-05-17,2025-05-17,5841.47
2024-10-18,2025-05-17,2025-05-17,5864.67
2024-10-21,2025-05-17,2025-05-17,5853.98
2024-10-22,2025-05-17,2025-05-17,5851.2
2024-10-23,2025-05-17,2025-05-17,5797.42
2024-10-24,2025-05-17,2025-05-17,5809.86
2024-10-25,2025-05-17,2025-05-17,5808.12
2024-10-28,2025-05-17,2025-05-17,5823.52
2024-10-29,2025-05-17,2025-05-17,5832.92
2024-10-30,2025-05-17,2025-05-17,5813.67
2024-10-31,2025-05-17,2025-05-17,5705.45
2024-11-01,2025-05-17,2025-05-17,5728.8
2024-11-04,2025-05-17,2025-05-17,5712.69
2024-11-05,2025-05-17,2025-05-17,5782.76
2024-11-06,2025-05-17,2025-05-17,5929.04
2024-11-07,2025-05-17,2025-05-17,5973.1
2024-11-08,2025-05-17,2025-05-17,5995.54
2024-11-11,2025-05-17,2025-05-17,6001.35
2024-11-12,2025-05-17,2025-05-17,5983.99
2024-11-13,2025-05-17,2025-05-17,5985.38
2024-11-14,2025-05-17,2025-05-17,5949.17
2024-11-15,2025-05-17,2025-05-17,5870.62
2024-11-18,2025-05-17,2025-05-17,5893.62
2024-11-19,2025-05-17,2025-05-17,5916.98
2024-11-20,2025-05-17,2025-05-17,5917.11
2024-11-21,2025-05-17,2025-05-17,5948.71
2024-11-22,2025-05-17,2025-05-17,5969.34
2024-11-25,2025-05-17,2025-05-17,5987.37
2024-11-26,2025-05-17,2025-05-17,6021.63
2024-11-27,2025-05-17,2025-05-17,5998.74
2024-11-28,2025-05-17,2025-05-17,
2024-11-29,2025-05-17,2025-05-17,6032.38
2024-12-02,2025-05-17,2025-05-17,6047.15
2024-12-03,2025-05-17,2025-05-17,6049.88
2024-12-04,2025-05-17,2025-05-17,6086.49
2024-12-05,2025-05-17,2025-05-17,6075.11
2024-12-06,2025-05-17,2025-05-17,6090.27
2024-12-09,2025-05-17,2025-05-17,6052.85
2024-12-10,2025-05-17,2025-05-17,6034.91
2024-12-11,2025-05-17,2025-05-17,6084.19
2024-12-12,2025-05-17,2025-05-17,6051.25
2024-12-13,2025-05-17,2025-05-17,6051.09
2024-12-16,2025-05-17,2025-05-17,6074.08
2024-12-17,2025-05-17,2025-05-17,6050.61
2024-12-18,2025-05-17,2025-05-17,5872.16
2024-12-19,2025-05-17,2025-05-17,5867.08
2024-12-20,2025-05-17,2025-05-17,5930.85
2024-12-23,2025-05-17,2025-05-17,5974.07
2024-12-24,2025-05-17,2025-05-17,6040.04
2024-12-25,2025-05-17,2025-05-17,
2024-12-26,2025-05-17,2025-05-17,6037.59
2024-12-27,2025-05-17,2025-05-17,5970.84
2024-12-30,2025-05-17,2025-05-17,5906.94
2024-12-31,2025-05-17,2025-05-17,5881.63
2025-01-01,2025-05-17,2025-05-17,
2025-01-02,2025-05-17,2025-05-17,5868.55
2025-01-03,2025-05-17,2025-05-17,5942.47
2025-01-06,2025-05-17,2025-05-17,5975.38
2025-01-07,2025-05-17,2025-05-17,5909.03
2025-01-08,2025-05-17,2025-05-17,5918.25
2025-01-09,2025-05-17,2025-05-17,
2025-01-10,2025-05-17,2025-05-17,5827.04
2025-01-13,2025-05-17,2025-05-17,5836.22
2025-01-14,2025-05-17,2025-05-17,5842.91
2025-01-15,2025-05-17,2025-05-17,5949.91
2025-01-16,2025-05-17,2025-05-17,5937.34
2025-01-17,2025-05-17,2025-05-17,5996.66
2025-01-20,2025-05-17,2025-05-17,
2025-01-21,2025-05-17,2025-05-17,6049.24
2025-01-22,2025-05-17,2025-05-17,6086.37
2025-01-23,2025-05-17,2025-05-17,6118.71
2025-01-24,2025-05-17,2025-05-17,6101.24
2025-01-27,2025-05-17,2025-05-17,6012.28
2025-01-28,2025-05-17,2025-05-17,6067.7
2025-01-29,2025-05-17,2025-05-17,6039.31
2025-01-30,2025-05-17,2025-05-17,6071.17
2025-01-31,2025-05-17,2025-05-17,6040.53
2025-02-03,2025-05-17,2025-05-17,5994.57
2025-02-04,2025-05-17,2025-05-17,6037.88
2025-02-05,2025-05-17,2025-05-17,6061.48
2025-02-06,2025-05-17,2025-05-17,6083.57
2025-02-07,2025-05-17,2025-05-17,6025.99
2025-02-10,2025-05-17,2025-05-17,6066.44
2025-02-11,2025-05-17,2025-05-17,6068.5
2025-02-12,2025-05-17,2025-05-17,6051.97
2025-02-13,2025-05-17,2025-05-17,6115.07
2025-02-14,2025-05-17,2025-05-17,6114.63
2025-02-17,2025-05-17,2025-05-17,
2025-02-18,2025-05-17,2025-05-17,6129.58
2025-02-19,2025-05-17,2025-05-17,6144.15
2025-02-20,2025-05-17,2025-05-17,6117.52
2025-02-21,2025-05-17,2025-05-17,6013.13
2025-02-24,2025-05-17,2025-05-17,5983.25
2025-02-25,2025-05-17,2025-05-17,5955.25
2025-02-26,2025-05-17,2025-05-17,5956.06
2025-02-27,2025-05-17,2025-05-17,5861.57
2025-02-28,2025-05-17,2025-05-17,5954.5
2025-03-03,2025-05-17,2025-05-17,5849.72
2025-03-04,2025-05-17,2025-05-17,5778.15
2025-03-05,2025-05-17,2025-05-17,5842.63
2025-03-06,2025-05-17,2025-05-17,5738.52
2025-03-07,2025-05-17,2025-05-17,5770.2
2025-03-10,2025-05-17,2025-05-17,5614.56
2025-03-11,2025-05-17,2025-05-17,5572.07
2025-03-12,2025-05-17,2025-05-17,5599.3
2025-03-13,2025-05-17,2025-05-17,5521.52
2025-03-14,2025-05-17,2025-05-17,5638.94
2025-03-17,2025-05-17,2025-05-17,5675.12
2025-03-18,2025-05-17,2025-05-17,5614.66
2025-03-19,2025-05-17,2025-05-17,5675.29
2025-03-20,2025-05-17,2025-05-17,5662.89
2025-03-21,2025-05-17,2025-05-17,5667.56
2025-03-24,2025-05-17,2025-05-17,5767.57
2025-03-25,2025-05-17,2025-05-17,5776.65
2025-03-26,2025-05-17,2025-05-17,5712.2
2025-03-27,2025-05-17,2025-05-17,5693.31
2025-03-28,2025-05-17,2025-05-17,5580.94
2025-03-31,2025-05-17,2025-05-17,5611.85
2025-04-01,2025-05-17,2025-05-17,5633.07
2025-04-02,2025-05-17,2025-05-17,5670.97
2025-04-03,2025-05-17,2025-05-17,5396.52
2025-04-04,2025-05-17,2025-05-17,5074.08
2025-04-07,2025-05-17,2025-05-17,5062.25
2025-04-08,2025-05-17,2025-05-17,4982.77
2025-04-09,2025-05-17,2025-05-17,5456.9
2025-04-10,2025-05-17,2025-05-17,5268.05
2025-04-11,2025-05-17,2025-05-17,5363.36
2025-04-14,2025-05-17,2025-05-17,5405.97
2025-04-15,2025-05-17,2025-05-17,5396.63
2025-04-16,2025-05-17,2025-05-17,5275.7
2025-04-17,2025-05-17,2025-05-17,5282.7
2025-04-18,2025-05-17,2025-05-17,
2025-04-21,2025-05-17,2025-05-17,5158.2
2025-04-22,2025-05-17,2025-05-17,5287.76
2025-04-23,2025-05-17,2025-05-17,5375.86
2025-04-24,2025-05-17,2025-05-17,5484.77
2025-04-25,2025-05-17,2025-05-17,5525.21
2025-04-28,2025-05-17,2025-05-17,5528.75
2025-04-29,2025-05-17,2025-05-17,5560.83
2025-04-30,2025-05-17,2025-05-17,5569.06
2025-05-01,2025-05-17,2025-05-17,5604.14
2025-05-02,2025-05-17,2025-05-17,5686.67
2025-05-05,2025-05-17,2025-05-17,5650.38
2025-05-06,2025-05-17,2025-05-17,5606.91
2025-05-07,2025-05-17,2025-05-17,5631.28
2025-05-08,2025-05-17,2025-05-17,5663.94
2025-05-09,2025-05-17,2025-05-17,5659.91
2025-05-12,2025-05-17,2025-05-17,5844.19
2025-05-13,2025-05-17,2025-05-17,5886.55
2025-05-14,2025-05-17,2025-05-17,5892.58
2025-05-15,2025-05-17,2025-05-17,5916.93
