date,realtime_start,realtime_end,DTWEXBGS
2018-05-21,2025-05-17,2025-05-17,111.6385
2018-05-22,2025-05-17,2025-05-17,111.1934
2018-05-23,2025-05-17,2025-05-17,111.6919
2018-05-24,2025-05-17,2025-05-17,111.4871
2018-05-25,2025-05-17,2025-05-17,111.5828
2018-05-28,2025-05-17,2025-05-17,
2018-05-29,2025-05-17,2025-05-17,112.2108
2018-05-30,2025-05-17,2025-05-17,111.6717
2018-05-31,2025-05-17,2025-05-17,111.988
2018-06-01,2025-05-17,2025-05-17,111.8253
2018-06-04,2025-05-17,2025-05-17,111.8235
2018-06-05,2025-05-17,2025-05-17,112.2628
2018-06-06,2025-05-17,2025-05-17,111.7517
2018-06-07,2025-05-17,2025-05-17,112.0719
2018-06-08,2025-05-17,2025-05-17,112.1057
2018-06-11,2025-05-17,2025-05-17,112.1097
2018-06-12,2025-05-17,2025-05-17,112.2129
2018-06-13,2025-05-17,2025-05-17,112.2569
2018-06-14,2025-05-17,2025-05-17,112.8581
2018-06-15,2025-05-17,2025-05-17,113.3369
2018-06-18,2025-05-17,2025-05-17,113.4889
2018-06-19,2025-05-17,2025-05-17,113.6379
2018-06-20,2025-05-17,2025-05-17,113.4774
2018-06-21,2025-05-17,2025-05-17,113.61
2018-06-22,2025-05-17,2025-05-17,113.3039
2018-06-25,2025-05-17,2025-05-17,113.2854
2018-06-26,2025-05-17,2025-05-17,113.301
2018-06-27,2025-05-17,2025-05-17,113.8964
2018-06-28,2025-05-17,2025-05-17,113.8399
2018-06-29,2025-05-17,2025-05-17,113.2583
2018-07-02,2025-05-17,2025-05-17,114.1669
2018-07-03,2025-05-17,2025-05-17,113.3217
2018-07-04,2025-05-17,2025-05-17,
2018-07-05,2025-05-17,2025-05-17,112.9756
2018-07-06,2025-05-17,2025-05-17,112.6426
2018-07-09,2025-05-17,2025-05-17,112.6423
2018-07-10,2025-05-17,2025-05-17,112.5792
2018-07-11,2025-05-17,2025-05-17,112.8582
2018-07-12,2025-05-17,2025-05-17,112.779
2018-07-13,2025-05-17,2025-05-17,113.0705
2018-07-16,2025-05-17,2025-05-17,112.8438
2018-07-17,2025-05-17,2025-05-17,113.1504
2018-07-18,2025-05-17,2025-05-17,113.3349
2018-07-19,2025-05-17,2025-05-17,113.9464
2018-07-20,2025-05-17,2025-05-17,113.3214
2018-07-23,2025-05-17,2025-05-17,113.4248
2018-07-24,2025-05-17,2025-05-17,113.2043
2018-07-25,2025-05-17,2025-05-17,112.9217
2018-07-26,2025-05-17,2025-05-17,112.9175
2018-07-27,2025-05-17,2025-05-17,112.8122
2018-07-30,2025-05-17,2025-05-17,112.6043
2018-07-31,2025-05-17,2025-05-17,112.7297
2018-08-01,2025-05-17,2025-05-17,112.8897
2018-08-02,2025-05-17,2025-05-17,113.1674
2018-08-03,2025-05-17,2025-05-17,113.0114
2018-08-06,2025-05-17,2025-05-17,113.2283
2018-08-07,2025-05-17,2025-05-17,112.9753
2018-08-08,2025-05-17,2025-05-17,113.1404
2018-08-09,2025-05-17,2025-05-17,113.3797
2018-08-10,2025-05-17,2025-05-17,114.2992
2018-08-13,2025-05-17,2025-05-17,114.8497
2018-08-14,2025-05-17,2025-05-17,114.6566
2018-08-15,2025-05-17,2025-05-17,115.1512
2018-08-16,2025-05-17,2025-05-17,114.6403
2018-08-17,2025-05-17,2025-05-17,114.5327
2018-08-20,2025-05-17,2025-05-17,114.3493
2018-08-21,2025-05-17,2025-05-17,113.8595
2018-08-22,2025-05-17,2025-05-17,113.6622
2018-08-23,2025-05-17,2025-05-17,114.0926
2018-08-24,2025-05-17,2025-05-17,113.598
2018-08-27,2025-05-17,2025-05-17,113.2717
2018-08-28,2025-05-17,2025-05-17,113.3441
2018-08-29,2025-05-17,2025-05-17,113.6458
2018-08-30,2025-05-17,2025-05-17,114.0895
2018-08-31,2025-05-17,2025-05-17,114.275
2018-09-03,2025-05-17,2025-05-17,
2018-09-04,2025-05-17,2025-05-17,114.858
2018-09-05,2025-05-17,2025-05-17,114.7474
2018-09-06,2025-05-17,2025-05-17,114.6473
2018-09-07,2025-05-17,2025-05-17,114.5807
2018-09-10,2025-05-17,2025-05-17,114.6793
2018-09-11,2025-05-17,2025-05-17,114.7044
2018-09-12,2025-05-17,2025-05-17,114.2185
2018-09-13,2025-05-17,2025-05-17,113.9264
2018-09-14,2025-05-17,2025-05-17,114.0654
2018-09-17,2025-05-17,2025-05-17,113.9154
2018-09-18,2025-05-17,2025-05-17,113.7735
2018-09-19,2025-05-17,2025-05-17,113.6528
2018-09-20,2025-05-17,2025-05-17,113.4986
2018-09-21,2025-05-17,2025-05-17,113.5097
2018-09-24,2025-05-17,2025-05-17,113.53
2018-09-25,2025-05-17,2025-05-17,113.7203
2018-09-26,2025-05-17,2025-05-17,113.6738
2018-09-27,2025-05-17,2025-05-17,113.9782
2018-09-28,2025-05-17,2025-05-17,113.8072
2018-10-01,2025-05-17,2025-05-17,113.8227
2018-10-02,2025-05-17,2025-05-17,113.8946
2018-10-03,2025-05-17,2025-05-17,114.1559
2018-10-04,2025-05-17,2025-05-17,114.6857
2018-10-05,2025-05-17,2025-05-17,114.5599
2018-10-08,2025-05-17,2025-05-17,
2018-10-09,2025-05-17,2025-05-17,114.6568
2018-10-10,2025-05-17,2025-05-17,114.6059
2018-10-11,2025-05-17,2025-05-17,114.4062
2018-10-12,2025-05-17,2025-05-17,114.368
2018-10-15,2025-05-17,2025-05-17,114.044
2018-10-16,2025-05-17,2025-05-17,113.8952
2018-10-17,2025-05-17,2025-05-17,114.1743
2018-10-18,2025-05-17,2025-05-17,114.8152
2018-10-19,2025-05-17,2025-05-17,114.8557
2018-10-22,2025-05-17,2025-05-17,115.1772
2018-10-23,2025-05-17,2025-05-17,115.1641
2018-10-24,2025-05-17,2025-05-17,115.3743
2018-10-25,2025-05-17,2025-05-17,115.4818
2018-10-26,2025-05-17,2025-05-17,115.4717
2018-10-29,2025-05-17,2025-05-17,115.8925
2018-10-30,2025-05-17,2025-05-17,116.2346
2018-10-31,2025-05-17,2025-05-17,116.5268
2018-11-01,2025-05-17,2025-05-17,115.8643
2018-11-02,2025-05-17,2025-05-17,115.6415
2018-11-05,2025-05-17,2025-05-17,115.7015
2018-11-06,2025-05-17,2025-05-17,115.5607
2018-11-07,2025-05-17,2025-05-17,115.2505
2018-11-08,2025-05-17,2025-05-17,115.6463
2018-11-09,2025-05-17,2025-05-17,116.4762
2018-11-12,2025-05-17,2025-05-17,
2018-11-13,2025-05-17,2025-05-17,116.6676
2018-11-14,2025-05-17,2025-05-17,116.4964
2018-11-15,2025-05-17,2025-05-17,116.3849
2018-11-16,2025-05-17,2025-05-17,115.9246
2018-11-19,2025-05-17,2025-05-17,115.985
2018-11-20,2025-05-17,2025-05-17,116.2357
2018-11-21,2025-05-17,2025-05-17,116.0911
2018-11-22,2025-05-17,2025-05-17,
2018-11-23,2025-05-17,2025-05-17,116.4703
2018-11-26,2025-05-17,2025-05-17,116.6198
2018-11-27,2025-05-17,2025-05-17,116.8991
2018-11-28,2025-05-17,2025-05-17,116.8333
2018-11-29,2025-05-17,2025-05-17,116.1954
2018-11-30,2025-05-17,2025-05-17,116.4121
2018-12-03,2025-05-17,2025-05-17,115.9046
2018-12-04,2025-05-17,2025-05-17,116.0015
2018-12-05,2025-05-17,2025-05-17,
2018-12-06,2025-05-17,2025-05-17,116.3983
2018-12-07,2025-05-17,2025-05-17,116.0839
2018-12-10,2025-05-17,2025-05-17,116.6739
2018-12-11,2025-05-17,2025-05-17,116.7556
2018-12-12,2025-05-17,2025-05-17,116.2205
2018-12-13,2025-05-17,2025-05-17,116.3967
2018-12-14,2025-05-17,2025-05-17,116.7891
2018-12-17,2025-05-17,2025-05-17,116.4524
2018-12-18,2025-05-17,2025-05-17,116.4122
2018-12-19,2025-05-17,2025-05-17,116.0672
2018-12-20,2025-05-17,2025-05-17,116.0179
2018-12-21,2025-05-17,2025-05-17,116.2221
2018-12-24,2025-05-17,2025-05-17,116.2177
2018-12-25,2025-05-17,2025-05-17,
2018-12-26,2025-05-17,2025-05-17,116.1156
2018-12-27,2025-05-17,2025-05-17,115.9922
2018-12-28,2025-05-17,2025-05-17,115.7226
2018-12-31,2025-05-17,2025-05-17,115.5667
2019-01-01,2025-05-17,2025-05-17,
2019-01-02,2025-05-17,2025-05-17,115.7676
2019-01-03,2025-05-17,2025-05-17,115.4611
2019-01-04,2025-05-17,2025-05-17,114.9813
2019-01-07,2025-05-17,2025-05-17,114.5621
2019-01-08,2025-05-17,2025-05-17,114.7272
2019-01-09,2025-05-17,2025-05-17,114.1394
2019-01-10,2025-05-17,2025-05-17,114.048
2019-01-11,2025-05-17,2025-05-17,114.0383
2019-01-14,2025-05-17,2025-05-17,
2019-01-15,2025-05-17,2025-05-17,114.3374
2019-01-16,2025-05-17,2025-05-17,114.1341
2019-01-17,2025-05-17,2025-05-17,114.4087
2019-01-18,2025-05-17,2025-05-17,114.5555
2019-01-21,2025-05-17,2025-05-17,
2019-01-22,2025-05-17,2025-05-17,114.7515
2019-01-23,2025-05-17,2025-05-17,114.5732
2019-01-24,2025-05-17,2025-05-17,114.614
2019-01-25,2025-05-17,2025-05-17,114.0168
2019-01-28,2025-05-17,2025-05-17,114.0493
2019-01-29,2025-05-17,2025-05-17,114.0227
2019-01-30,2025-05-17,2025-05-17,114.0705
2019-01-31,2025-05-17,2025-05-17,113.5476
2019-02-01,2025-05-17,2025-05-17,113.7524
2019-02-04,2025-05-17,2025-05-17,113.8738
2019-02-05,2025-05-17,2025-05-17,114.0404
2019-02-06,2025-05-17,2025-05-17,114.2275
2019-02-07,2025-05-17,2025-05-17,114.4308
2019-02-08,2025-05-17,2025-05-17,114.4975
2019-02-11,2025-05-17,2025-05-17,115.0288
2019-02-12,2025-05-17,2025-05-17,114.7278
2019-02-13,2025-05-17,2025-05-17,114.9388
2019-02-14,2025-05-17,2025-05-17,115.0984
2019-02-15,2025-05-17,2025-05-17,114.9899
2019-02-18,2025-05-17,2025-05-17,
2019-02-19,2025-05-17,2025-05-17,114.5676
2019-02-20,2025-05-17,2025-05-17,
2019-02-21,2025-05-17,2025-05-17,114.507
2019-02-22,2025-05-17,2025-05-17,114.2692
2019-02-25,2025-05-17,2025-05-17,114.1432
2019-02-26,2025-05-17,2025-05-17,114.0662
2019-02-27,2025-05-17,2025-05-17,114.0337
2019-02-28,2025-05-17,2025-05-17,114.1971
2019-03-01,2025-05-17,2025-05-17,114.535
2019-03-04,2025-05-17,2025-05-17,114.6903
2019-03-05,2025-05-17,2025-05-17,114.8019
2019-03-06,2025-05-17,2025-05-17,114.9697
2019-03-07,2025-05-17,2025-05-17,115.4905
2019-03-08,2025-05-17,2025-05-17,115.3585
2019-03-11,2025-05-17,2025-05-17,115.2953
2019-03-12,2025-05-17,2025-05-17,114.9376
2019-03-13,2025-05-17,2025-05-17,114.7361
2019-03-14,2025-05-17,2025-05-17,114.7891
2019-03-15,2025-05-17,2025-05-17,114.5808
2019-03-18,2025-05-17,2025-05-17,114.4368
2019-03-19,2025-05-17,2025-05-17,114.2313
2019-03-20,2025-05-17,2025-05-17,114.1497
2019-03-21,2025-05-17,2025-05-17,114.1672
2019-03-22,2025-05-17,2025-05-17,114.6845
2019-03-25,2025-05-17,2025-05-17,114.4158
2019-03-26,2025-05-17,2025-05-17,114.6404
2019-03-27,2025-05-17,2025-05-17,115.1236
2019-03-28,2025-05-17,2025-05-17,115.2575
2019-03-29,2025-05-17,2025-05-17,115.1364
2019-04-01,2025-05-17,2025-05-17,114.935
2019-04-02,2025-05-17,2025-05-17,115.1164
2019-04-03,2025-05-17,2025-05-17,114.7204
2019-04-04,2025-05-17,2025-05-17,114.9687
2019-04-05,2025-05-17,2025-05-17,114.9714
2019-04-08,2025-05-17,2025-05-17,114.6879
2019-04-09,2025-05-17,2025-05-17,114.5307
2019-04-10,2025-05-17,2025-05-17,114.4255
2019-04-11,2025-05-17,2025-05-17,114.629
2019-04-12,2025-05-17,2025-05-17,114.3517
2019-04-15,2025-05-17,2025-05-17,114.4936
2019-04-16,2025-05-17,2025-05-17,114.6745
2019-04-17,2025-05-17,2025-05-17,114.5128
2019-04-18,2025-05-17,2025-05-17,114.7057
2019-04-19,2025-05-17,2025-05-17,114.6961
2019-04-22,2025-05-17,2025-05-17,114.7679
2019-04-23,2025-05-17,2025-05-17,115.1563
2019-04-24,2025-05-17,2025-05-17,115.4172
2019-04-25,2025-05-17,2025-05-17,115.7692
2019-04-26,2025-05-17,2025-05-17,115.4749
2019-04-29,2025-05-17,2025-05-17,115.5213
2019-04-30,2025-05-17,2025-05-17,115.3268
2019-05-01,2025-05-17,2025-05-17,115.0008
2019-05-02,2025-05-17,2025-05-17,115.5607
2019-05-03,2025-05-17,2025-05-17,115.2635
2019-05-06,2025-05-17,2025-05-17,115.38
2019-05-07,2025-05-17,2025-05-17,115.6104
2019-05-08,2025-05-17,2025-05-17,115.5161
2019-05-09,2025-05-17,2025-05-17,115.8414
2019-05-10,2025-05-17,2025-05-17,115.5327
2019-05-13,2025-05-17,2025-05-17,115.9142
2019-05-14,2025-05-17,2025-05-17,115.942
2019-05-15,2025-05-17,2025-05-17,115.8561
2019-05-16,2025-05-17,2025-05-17,116.0343
2019-05-17,2025-05-17,2025-05-17,116.4481
2019-05-20,2025-05-17,2025-05-17,116.3126
2019-05-21,2025-05-17,2025-05-17,116.2847
2019-05-22,2025-05-17,2025-05-17,116.2414
2019-05-23,2025-05-17,2025-05-17,116.2369
2019-05-24,2025-05-17,2025-05-17,116.0809
2019-05-27,2025-05-17,2025-05-17,
2019-05-28,2025-05-17,2025-05-17,116.3178
2019-05-29,2025-05-17,2025-05-17,116.5533
2019-05-30,2025-05-17,2025-05-17,116.3986
2019-05-31,2025-05-17,2025-05-17,116.7279
2019-06-03,2025-05-17,2025-05-17,116.4777
2019-06-04,2025-05-17,2025-05-17,116.0919
2019-06-05,2025-05-17,2025-05-17,116.0309
2019-06-06,2025-05-17,2025-05-17,115.9788
2019-06-07,2025-05-17,2025-05-17,115.7386
2019-06-10,2025-05-17,2025-05-17,115.5012
2019-06-11,2025-05-17,2025-05-17,115.3803
2019-06-12,2025-05-17,2025-05-17,115.4388
2019-06-13,2025-05-17,2025-05-17,115.6281
2019-06-14,2025-05-17,2025-05-17,115.9059
2019-06-17,2025-05-17,2025-05-17,115.9687
2019-06-18,2025-05-17,2025-05-17,115.8798
2019-06-19,2025-05-17,2025-05-17,115.7891
2019-06-20,2025-05-17,2025-05-17,114.8046
2019-06-21,2025-05-17,2025-05-17,114.8378
2019-06-24,2025-05-17,2025-05-17,114.6568
2019-06-25,2025-05-17,2025-05-17,114.6373
2019-06-26,2025-05-17,2025-05-17,114.5619
2019-06-27,2025-05-17,2025-05-17,114.6663
2019-06-28,2025-05-17,2025-05-17,114.5834
2019-07-01,2025-05-17,2025-05-17,114.7247
2019-07-02,2025-05-17,2025-05-17,114.8268
2019-07-03,2025-05-17,2025-05-17,114.8145
2019-07-04,2025-05-17,2025-05-17,
2019-07-05,2025-05-17,2025-05-17,115.1143
2019-07-08,2025-05-17,2025-05-17,115.0263
2019-07-09,2025-05-17,2025-05-17,115.1026
2019-07-10,2025-05-17,2025-05-17,115.0897
2019-07-11,2025-05-17,2025-05-17,114.8375
2019-07-12,2025-05-17,2025-05-17,114.7696
2019-07-15,2025-05-17,2025-05-17,114.6831
2019-07-16,2025-05-17,2025-05-17,115.0124
2019-07-17,2025-05-17,2025-05-17,114.8829
2019-07-18,2025-05-17,2025-05-17,114.8751
2019-07-19,2025-05-17,2025-05-17,114.8702
2019-07-22,2025-05-17,2025-05-17,115.0026
2019-07-23,2025-05-17,2025-05-17,115.3001
2019-07-24,2025-05-17,2025-05-17,115.2441
2019-07-25,2025-05-17,2025-05-17,115.2987
2019-07-26,2025-05-17,2025-05-17,115.5454
2019-07-29,2025-05-17,2025-05-17,115.5896
2019-07-30,2025-05-17,2025-05-17,115.6222
2019-07-31,2025-05-17,2025-05-17,115.4955
2019-08-01,2025-05-17,2025-05-17,116.0509
2019-08-02,2025-05-17,2025-05-17,116.1874
2019-08-05,2025-05-17,2025-05-17,116.587
2019-08-06,2025-05-17,2025-05-17,116.6921
2019-08-07,2025-05-17,2025-05-17,116.8003
2019-08-08,2025-05-17,2025-05-17,116.4756
2019-08-09,2025-05-17,2025-05-17,116.4432
2019-08-12,2025-05-17,2025-05-17,116.7567
2019-08-13,2025-05-17,2025-05-17,116.7283
2019-08-14,2025-05-17,2025-05-17,117.0926
2019-08-15,2025-05-17,2025-05-17,117.2247
2019-08-16,2025-05-17,2025-05-17,117.0796
2019-08-19,2025-05-17,2025-05-17,117.39
2019-08-20,2025-05-17,2025-05-17,117.3738
2019-08-21,2025-05-17,2025-05-17,117.1778
2019-08-22,2025-05-17,2025-05-17,117.357
2019-08-23,2025-05-17,2025-05-17,117.3027
2019-08-26,2025-05-17,2025-05-17,117.668
2019-08-27,2025-05-17,2025-05-17,117.7525
2019-08-28,2025-05-17,2025-05-17,117.8792
2019-08-29,2025-05-17,2025-05-17,118.0652
2019-08-30,2025-05-17,2025-05-17,118.16
2019-09-02,2025-05-17,2025-05-17,
2019-09-03,2025-05-17,2025-05-17,118.313
2019-09-04,2025-05-17,2025-05-17,117.6745
2019-09-05,2025-05-17,2025-05-17,117.4791
2019-09-06,2025-05-17,2025-05-17,117.1305
2019-09-09,2025-05-17,2025-05-17,117.0617
2019-09-10,2025-05-17,2025-05-17,117.09
2019-09-11,2025-05-17,2025-05-17,117.3138
2019-09-12,2025-05-17,2025-05-17,116.8391
2019-09-13,2025-05-17,2025-05-17,116.769
2019-09-16,2025-05-17,2025-05-17,117.0261
2019-09-17,2025-05-17,2025-05-17,116.9839
2019-09-18,2025-05-17,2025-05-17,116.9779
2019-09-19,2025-05-17,2025-05-17,117.0877
2019-09-20,2025-05-17,2025-05-17,117.1835
2019-09-23,2025-05-17,2025-05-17,117.3006
2019-09-24,2025-05-17,2025-05-17,117.2247
2019-09-25,2025-05-17,2025-05-17,117.6549
2019-09-26,2025-05-17,2025-05-17,117.729
2019-09-27,2025-05-17,2025-05-17,117.7246
2019-09-30,2025-05-17,2025-05-17,117.9488
2019-10-01,2025-05-17,2025-05-17,117.9621
2019-10-02,2025-05-17,2025-05-17,117.9694
2019-10-03,2025-05-17,2025-05-17,117.6628
2019-10-04,2025-05-17,2025-05-17,117.5306
2019-10-07,2025-05-17,2025-05-17,117.5552
2019-10-08,2025-05-17,2025-05-17,117.7423
2019-10-09,2025-05-17,2025-05-17,117.6854
2019-10-10,2025-05-17,2025-05-17,117.282
2019-10-11,2025-05-17,2025-05-17,116.8257
2019-10-14,2025-05-17,2025-05-17,
2019-10-15,2025-05-17,2025-05-17,116.8122
2019-10-16,2025-05-17,2025-05-17,116.6438
2019-10-17,2025-05-17,2025-05-17,116.2631
2019-10-18,2025-05-17,2025-05-17,116.1359
2019-10-21,2025-05-17,2025-05-17,116.0453
2019-10-22,2025-05-17,2025-05-17,115.9868
2019-10-23,2025-05-17,2025-05-17,116.0601
2019-10-24,2025-05-17,2025-05-17,116.1291
2019-10-25,2025-05-17,2025-05-17,116.0788
2019-10-28,2025-05-17,2025-05-17,116.0236
2019-10-29,2025-05-17,2025-05-17,115.9811
2019-10-30,2025-05-17,2025-05-17,116.1649
2019-10-31,2025-05-17,2025-05-17,115.9137
2019-11-01,2025-05-17,2025-05-17,115.7324
2019-11-04,2025-05-17,2025-05-17,115.8637
2019-11-05,2025-05-17,2025-05-17,116.1149
2019-11-06,2025-05-17,2025-05-17,116.1012
2019-11-07,2025-05-17,2025-05-17,116.1179
2019-11-08,2025-05-17,2025-05-17,116.344
2019-11-11,2025-05-17,2025-05-17,
2019-11-12,2025-05-17,2025-05-17,116.5843
2019-11-13,2025-05-17,2025-05-17,116.8404
2019-11-14,2025-05-17,2025-05-17,116.8031
2019-11-15,2025-05-17,2025-05-17,116.4409
2019-11-18,2025-05-17,2025-05-17,116.3634
2019-11-19,2025-05-17,2025-05-17,116.5402
2019-11-20,2025-05-17,2025-05-17,116.8293
2019-11-21,2025-05-17,2025-05-17,116.7447
2019-11-22,2025-05-17,2025-05-17,116.9148
2019-11-25,2025-05-17,2025-05-17,117.0109
2019-11-26,2025-05-17,2025-05-17,117.0529
2019-11-27,2025-05-17,2025-05-17,117.1292
2019-11-28,2025-05-17,2025-05-17,
2019-11-29,2025-05-17,2025-05-17,117.1218
2019-12-02,2025-05-17,2025-05-17,116.9664
2019-12-03,2025-05-17,2025-05-17,116.8916
2019-12-04,2025-05-17,2025-05-17,116.6938
2019-12-05,2025-05-17,2025-05-17,116.3857
2019-12-06,2025-05-17,2025-05-17,116.5394
2019-12-09,2025-05-17,2025-05-17,116.3296
2019-12-10,2025-05-17,2025-05-17,116.2557
2019-12-11,2025-05-17,2025-05-17,116.1492
2019-12-12,2025-05-17,2025-05-17,115.8755
2019-12-13,2025-05-17,2025-05-17,115.6976
2019-12-16,2025-05-17,2025-05-17,115.5559
2019-12-17,2025-05-17,2025-05-17,115.5561
2019-12-18,2025-05-17,2025-05-17,115.6627
2019-12-19,2025-05-17,2025-05-17,115.5997
2019-12-20,2025-05-17,2025-05-17,115.7604
2019-12-23,2025-05-17,2025-05-17,115.8066
2019-12-24,2025-05-17,2025-05-17,
2019-12-25,2025-05-17,2025-05-17,
2019-12-26,2025-05-17,2025-05-17,115.6347
2019-12-27,2025-05-17,2025-05-17,115.2207
2019-12-30,2025-05-17,2025-05-17,114.9639
2019-12-31,2025-05-17,2025-05-17,114.6697
2020-01-01,2025-05-17,2025-05-17,
2020-01-02,2025-05-17,2025-05-17,114.9746
2020-01-03,2025-05-17,2025-05-17,114.9862
2020-01-06,2025-05-17,2025-05-17,114.9552
2020-01-07,2025-05-17,2025-05-17,115.1467
2020-01-08,2025-05-17,2025-05-17,115.1318
2020-01-09,2025-05-17,2025-05-17,115.2325
2020-01-10,2025-05-17,2025-05-17,115.0671
2020-01-13,2025-05-17,2025-05-17,115.0337
2020-01-14,2025-05-17,2025-05-17,115.0233
2020-01-15,2025-05-17,2025-05-17,114.9526
2020-01-16,2025-05-17,2025-05-17,114.9999
2020-01-17,2025-05-17,2025-05-17,115.0642
2020-01-20,2025-05-17,2025-05-17,
2020-01-21,2025-05-17,2025-05-17,115.1865
2020-01-22,2025-05-17,2025-05-17,115.2264
2020-01-23,2025-05-17,2025-05-17,115.5537
2020-01-24,2025-05-17,2025-05-17,115.5545
2020-01-27,2025-05-17,2025-05-17,115.7994
2020-01-28,2025-05-17,2025-05-17,115.7226
2020-01-29,2025-05-17,2025-05-17,115.6986
2020-01-30,2025-05-17,2025-05-17,115.8065
2020-01-31,2025-05-17,2025-05-17,115.7342
2020-02-03,2025-05-17,2025-05-17,116.1176
2020-02-04,2025-05-17,2025-05-17,115.929
2020-02-05,2025-05-17,2025-05-17,116.0082
2020-02-06,2025-05-17,2025-05-17,116.1508
2020-02-07,2025-05-17,2025-05-17,116.5075
2020-02-10,2025-05-17,2025-05-17,116.5701
2020-02-11,2025-05-17,2025-05-17,116.3572
2020-02-12,2025-05-17,2025-05-17,116.2777
2020-02-13,2025-05-17,2025-05-17,116.398
2020-02-14,2025-05-17,2025-05-17,116.42
2020-02-17,2025-05-17,2025-05-17,
2020-02-18,2025-05-17,2025-05-17,116.6016
2020-02-19,2025-05-17,2025-05-17,116.7802
2020-02-20,2025-05-17,2025-05-17,117.2434
2020-02-21,2025-05-17,2025-05-17,117.0456
2020-02-24,2025-05-17,2025-05-17,117.401
2020-02-25,2025-05-17,2025-05-17,117.2417
2020-02-26,2025-05-17,2025-05-17,117.4048
2020-02-27,2025-05-17,2025-05-17,117.3686
2020-02-28,2025-05-17,2025-05-17,117.6573
2020-03-02,2025-05-17,2025-05-17,116.8148
2020-03-03,2025-05-17,2025-05-17,116.4958
2020-03-04,2025-05-17,2025-05-17,116.7799
2020-03-05,2025-05-17,2025-05-17,116.7913
2020-03-06,2025-05-17,2025-05-17,116.7132
2020-03-09,2025-05-17,2025-05-17,117.1927
2020-03-10,2025-05-17,2025-05-17,117.9082
2020-03-11,2025-05-17,2025-05-17,118.2564
2020-03-12,2025-05-17,2025-05-17,120.4945
2020-03-13,2025-05-17,2025-05-17,120.4439
2020-03-16,2025-05-17,2025-05-17,120.9417
2020-03-17,2025-05-17,2025-05-17,122.4875
2020-03-18,2025-05-17,2025-05-17,124.1693
2020-03-19,2025-05-17,2025-05-17,125.0662
2020-03-20,2025-05-17,2025-05-17,124.9425
2020-03-23,2025-05-17,2025-05-17,126.1342
2020-03-24,2025-05-17,2025-05-17,125.5092
2020-03-25,2025-05-17,2025-05-17,124.7995
2020-03-26,2025-05-17,2025-05-17,122.4384
2020-03-27,2025-05-17,2025-05-17,122.4097
2020-03-30,2025-05-17,2025-05-17,123.2997
2020-03-31,2025-05-17,2025-05-17,122.5394
2020-04-01,2025-05-17,2025-05-17,123.8033
2020-04-02,2025-05-17,2025-05-17,123.5994
2020-04-03,2025-05-17,2025-05-17,124.4237
2020-04-06,2025-05-17,2025-05-17,124.1692
2020-04-07,2025-05-17,2025-05-17,123.1038
2020-04-08,2025-05-17,2025-05-17,123.2299
2020-04-09,2025-05-17,2025-05-17,122.4834
2020-04-10,2025-05-17,2025-05-17,122.1668
2020-04-13,2025-05-17,2025-05-17,122.5282
2020-04-14,2025-05-17,2025-05-17,122.1204
2020-04-15,2025-05-17,2025-05-17,123.084
2020-04-16,2025-05-17,2025-05-17,123.4698
2020-04-17,2025-05-17,2025-05-17,122.8791
2020-04-20,2025-05-17,2025-05-17,123.1121
2020-04-21,2025-05-17,2025-05-17,123.9207
2020-04-22,2025-05-17,2025-05-17,123.9354
2020-04-23,2025-05-17,2025-05-17,123.7645
2020-04-24,2025-05-17,2025-05-17,124.172
2020-04-27,2025-05-17,2025-05-17,123.8954
2020-04-28,2025-05-17,2025-05-17,123.3794
2020-04-29,2025-05-17,2025-05-17,122.7877
2020-04-30,2025-05-17,2025-05-17,122.3375
2020-05-01,2025-05-17,2025-05-17,123.1615
2020-05-04,2025-05-17,2025-05-17,123.2224
2020-05-05,2025-05-17,2025-05-17,122.8117
2020-05-06,2025-05-17,2025-05-17,123.6188
2020-05-07,2025-05-17,2025-05-17,123.1339
2020-05-08,2025-05-17,2025-05-17,122.5465
2020-05-11,2025-05-17,2025-05-17,123.2423
2020-05-12,2025-05-17,2025-05-17,123.0694
2020-05-13,2025-05-17,2025-05-17,123.5512
2020-05-14,2025-05-17,2025-05-17,123.6524
2020-05-15,2025-05-17,2025-05-17,123.608
2020-05-18,2025-05-17,2025-05-17,122.8055
2020-05-19,2025-05-17,2025-05-17,122.5744
2020-05-20,2025-05-17,2025-05-17,122.1093
2020-05-21,2025-05-17,2025-05-17,122.099
2020-05-22,2025-05-17,2025-05-17,122.3278
2020-05-25,2025-05-17,2025-05-17,
2020-05-26,2025-05-17,2025-05-17,121.3933
2020-05-27,2025-05-17,2025-05-17,121.5741
2020-05-28,2025-05-17,2025-05-17,121.0207
2020-05-29,2025-05-17,2025-05-17,120.953
2020-06-01,2025-05-17,2025-05-17,120.2753
2020-06-02,2025-05-17,2025-05-17,119.692
2020-06-03,2025-05-17,2025-05-17,119.2625
2020-06-04,2025-05-17,2025-05-17,119.3094
2020-06-05,2025-05-17,2025-05-17,118.8202
2020-06-08,2025-05-17,2025-05-17,118.6687
2020-06-09,2025-05-17,2025-05-17,118.5967
2020-06-10,2025-05-17,2025-05-17,118.5307
2020-06-11,2025-05-17,2025-05-17,119.2435
2020-06-12,2025-05-17,2025-05-17,119.6719
2020-06-15,2025-05-17,2025-05-17,119.9622
2020-06-16,2025-05-17,2025-05-17,119.5744
2020-06-17,2025-05-17,2025-05-17,119.918
2020-06-18,2025-05-17,2025-05-17,120.2252
2020-06-19,2025-05-17,2025-05-17,120.226
2020-06-22,2025-05-17,2025-05-17,119.7613
2020-06-23,2025-05-17,2025-05-17,119.3372
2020-06-24,2025-05-17,2025-05-17,119.9834
2020-06-25,2025-05-17,2025-05-17,120.3089
2020-06-26,2025-05-17,2025-05-17,120.5425
2020-06-29,2025-05-17,2025-05-17,120.6757
2020-06-30,2025-05-17,2025-05-17,120.4746
2020-07-01,2025-05-17,2025-05-17,120.0902
2020-07-02,2025-05-17,2025-05-17,119.8648
2020-07-03,2025-05-17,2025-05-17,
2020-07-06,2025-05-17,2025-05-17,119.2941
2020-07-07,2025-05-17,2025-05-17,119.5814
2020-07-08,2025-05-17,2025-05-17,119.5625
2020-07-09,2025-05-17,2025-05-17,119.5221
2020-07-10,2025-05-17,2025-05-17,119.3601
2020-07-13,2025-05-17,2025-05-17,119.1984
2020-07-14,2025-05-17,2025-05-17,119.3999
2020-07-15,2025-05-17,2025-05-17,119.0423
2020-07-16,2025-05-17,2025-05-17,118.9368
2020-07-17,2025-05-17,2025-05-17,119.134
2020-07-20,2025-05-17,2025-05-17,119.0588
2020-07-21,2025-05-17,2025-05-17,118.4145
2020-07-22,2025-05-17,2025-05-17,118.1446
2020-07-23,2025-05-17,2025-05-17,118.0724
2020-07-24,2025-05-17,2025-05-17,118.1445
2020-07-27,2025-05-17,2025-05-17,117.3982
2020-07-28,2025-05-17,2025-05-17,117.3301
2020-07-29,2025-05-17,2025-05-17,117.2242
2020-07-30,2025-05-17,2025-05-17,117.4133
2020-07-31,2025-05-17,2025-05-17,117.2208
2020-08-03,2025-05-17,2025-05-17,117.8199
2020-08-04,2025-05-17,2025-05-17,117.7962
2020-08-05,2025-05-17,2025-05-17,116.8865
2020-08-06,2025-05-17,2025-05-17,117.055
2020-08-07,2025-05-17,2025-05-17,117.6365
2020-08-10,2025-05-17,2025-05-17,117.5946
2020-08-11,2025-05-17,2025-05-17,117.3902
2020-08-12,2025-05-17,2025-05-17,117.2679
2020-08-13,2025-05-17,2025-05-17,117.1313
2020-08-14,2025-05-17,2025-05-17,116.9512
2020-08-17,2025-05-17,2025-05-17,116.7609
2020-08-18,2025-05-17,2025-05-17,116.5722
2020-08-19,2025-05-17,2025-05-17,116.5789
2020-08-20,2025-05-17,2025-05-17,116.8243
2020-08-21,2025-05-17,2025-05-17,117.0682
2020-08-24,2025-05-17,2025-05-17,116.9238
2020-08-25,2025-05-17,2025-05-17,116.8324
2020-08-26,2025-05-17,2025-05-17,116.6358
2020-08-27,2025-05-17,2025-05-17,116.6614
2020-08-28,2025-05-17,2025-05-17,115.9506
2020-08-31,2025-05-17,2025-05-17,115.7717
2020-09-01,2025-05-17,2025-05-17,115.5814
2020-09-02,2025-05-17,2025-05-17,116.0423
2020-09-03,2025-05-17,2025-05-17,116.0799
2020-09-04,2025-05-17,2025-05-17,116.0457
2020-09-07,2025-05-17,2025-05-17,
2020-09-08,2025-05-17,2025-05-17,116.4725
2020-09-09,2025-05-17,2025-05-17,116.1396
2020-09-10,2025-05-17,2025-05-17,115.8906
2020-09-11,2025-05-17,2025-05-17,116.0963
2020-09-14,2025-05-17,2025-05-17,115.6523
2020-09-15,2025-05-17,2025-05-17,115.5996
2020-09-16,2025-05-17,2025-05-17,115.3623
2020-09-17,2025-05-17,2025-05-17,115.4476
2020-09-18,2025-05-17,2025-05-17,115.248
2020-09-21,2025-05-17,2025-05-17,116.3873
2020-09-22,2025-05-17,2025-05-17,116.5529
2020-09-23,2025-05-17,2025-05-17,117.2631
2020-09-24,2025-05-17,2025-05-17,117.5578
2020-09-25,2025-05-17,2025-05-17,117.8786
2020-09-28,2025-05-17,2025-05-17,117.629
2020-09-29,2025-05-17,2025-05-17,117.5379
2020-09-30,2025-05-17,2025-05-17,116.957
2020-10-01,2025-05-17,2025-05-17,116.7339
2020-10-02,2025-05-17,2025-05-17,116.7424
2020-10-05,2025-05-17,2025-05-17,116.187
2020-10-06,2025-05-17,2025-05-17,116.2781
2020-10-07,2025-05-17,2025-05-17,116.3548
2020-10-08,2025-05-17,2025-05-17,116.1753
2020-10-09,2025-05-17,2025-05-17,115.2843
2020-10-12,2025-05-17,2025-05-17,
2020-10-13,2025-05-17,2025-05-17,115.9193
2020-10-14,2025-05-17,2025-05-17,115.6959
2020-10-15,2025-05-17,2025-05-17,116.1046
2020-10-16,2025-05-17,2025-05-17,115.7754
2020-10-19,2025-05-17,2025-05-17,115.4109
2020-10-20,2025-05-17,2025-05-17,115.2558
2020-10-21,2025-05-17,2025-05-17,114.9185
2020-10-22,2025-05-17,2025-05-17,115.1234
2020-10-23,2025-05-17,2025-05-17,115.0198
2020-10-26,2025-05-17,2025-05-17,115.2872
2020-10-27,2025-05-17,2025-05-17,115.0206
2020-10-28,2025-05-17,2025-05-17,115.8099
2020-10-29,2025-05-17,2025-05-17,116.3138
2020-10-30,2025-05-17,2025-05-17,116.1417
2020-11-02,2025-05-17,2025-05-17,116.2425
2020-11-03,2025-05-17,2025-05-17,115.4864
2020-11-04,2025-05-17,2025-05-17,115.1733
2020-11-05,2025-05-17,2025-05-17,114.4615
2020-11-06,2025-05-17,2025-05-17,113.9977
2020-11-09,2025-05-17,2025-05-17,114.0942
2020-11-10,2025-05-17,2025-05-17,114.0802
2020-11-11,2025-05-17,2025-05-17,
2020-11-12,2025-05-17,2025-05-17,114.2889
2020-11-13,2025-05-17,2025-05-17,114.2445
2020-11-16,2025-05-17,2025-05-17,113.8356
2020-11-17,2025-05-17,2025-05-17,113.6864
2020-11-18,2025-05-17,2025-05-17,113.4645
2020-11-19,2025-05-17,2025-05-17,113.6982
2020-11-20,2025-05-17,2025-05-17,113.4932
2020-11-23,2025-05-17,2025-05-17,113.759
2020-11-24,2025-05-17,2025-05-17,113.4361
2020-11-25,2025-05-17,2025-05-17,113.1871
2020-11-26,2025-05-17,2025-05-17,
2020-11-27,2025-05-17,2025-05-17,
2020-11-30,2025-05-17,2025-05-17,113.2308
2020-12-01,2025-05-17,2025-05-17,112.8122
2020-12-02,2025-05-17,2025-05-17,112.6174
2020-12-03,2025-05-17,2025-05-17,112.0293
2020-12-04,2025-05-17,2025-05-17,111.7826
2020-12-07,2025-05-17,2025-05-17,111.8431
2020-12-08,2025-05-17,2025-05-17,111.8684
2020-12-09,2025-05-17,2025-05-17,112.0353
2020-12-10,2025-05-17,2025-05-17,111.9839
2020-12-11,2025-05-17,2025-05-17,112.1469
2020-12-14,2025-05-17,2025-05-17,112.177
2020-12-15,2025-05-17,2025-05-17,111.866
2020-12-16,2025-05-17,2025-05-17,111.7215
2020-12-17,2025-05-17,2025-05-17,111.2286
2020-12-18,2025-05-17,2025-05-17,111.6136
2020-12-21,2025-05-17,2025-05-17,111.9477
2020-12-22,2025-05-17,2025-05-17,112.201
2020-12-23,2025-05-17,2025-05-17,111.9873
2020-12-24,2025-05-17,2025-05-17,
2020-12-25,2025-05-17,2025-05-17,
2020-12-28,2025-05-17,2025-05-17,111.9821
2020-12-29,2025-05-17,2025-05-17,111.524
2020-12-30,2025-05-17,2025-05-17,111.3156
2020-12-31,2025-05-17,2025-05-17,111.324
2021-01-01,2025-05-17,2025-05-17,
2021-01-04,2025-05-17,2025-05-17,111.2143
2021-01-05,2025-05-17,2025-05-17,110.9649
2021-01-06,2025-05-17,2025-05-17,110.8573
2021-01-07,2025-05-17,2025-05-17,111.3124
2021-01-08,2025-05-17,2025-05-17,111.293
2021-01-11,2025-05-17,2025-05-17,111.8342
2021-01-12,2025-05-17,2025-05-17,111.5584
2021-01-13,2025-05-17,2025-05-17,111.3702
2021-01-14,2025-05-17,2025-05-17,111.1639
2021-01-15,2025-05-17,2025-05-17,111.5168
2021-01-18,2025-05-17,2025-05-17,
2021-01-19,2025-05-17,2025-05-17,111.4591
2021-01-20,2025-05-17,2025-05-17,
2021-01-21,2025-05-17,2025-05-17,111.2044
2021-01-22,2025-05-17,2025-05-17,111.5602
2021-01-25,2025-05-17,2025-05-17,111.8767
2021-01-26,2025-05-17,2025-05-17,111.6661
2021-01-27,2025-05-17,2025-05-17,112.0876
2021-01-28,2025-05-17,2025-05-17,112.015
2021-01-29,2025-05-17,2025-05-17,111.9604
2021-02-01,2025-05-17,2025-05-17,112.4282
2021-02-02,2025-05-17,2025-05-17,112.2937
2021-02-03,2025-05-17,2025-05-17,112.2648
2021-02-04,2025-05-17,2025-05-17,112.756
2021-02-05,2025-05-17,2025-05-17,112.2463
2021-02-08,2025-05-17,2025-05-17,112.0512
2021-02-09,2025-05-17,2025-05-17,111.7768
2021-02-10,2025-05-17,2025-05-17,111.5929
2021-02-11,2025-05-17,2025-05-17,111.5364
2021-02-12,2025-05-17,2025-05-17,111.4981
2021-02-15,2025-05-17,2025-05-17,
2021-02-16,2025-05-17,2025-05-17,111.7984
2021-02-17,2025-05-17,2025-05-17,112.03
2021-02-18,2025-05-17,2025-05-17,112.1718
2021-02-19,2025-05-17,2025-05-17,111.7179
2021-02-22,2025-05-17,2025-05-17,111.9316
2021-02-23,2025-05-17,2025-05-17,111.911
2021-02-24,2025-05-17,2025-05-17,111.7339
2021-02-25,2025-05-17,2025-05-17,111.9402
2021-02-26,2025-05-17,2025-05-17,112.8433
2021-03-01,2025-05-17,2025-05-17,112.538
2021-03-02,2025-05-17,2025-05-17,112.5472
2021-03-03,2025-05-17,2025-05-17,112.7761
2021-03-04,2025-05-17,2025-05-17,112.717
2021-03-05,2025-05-17,2025-05-17,113.7626
2021-03-08,2025-05-17,2025-05-17,114.2824
2021-03-09,2025-05-17,2025-05-17,113.9431
2021-03-10,2025-05-17,2025-05-17,113.6015
2021-03-11,2025-05-17,2025-05-17,112.9345
2021-03-12,2025-05-17,2025-05-17,113.0403
2021-03-15,2025-05-17,2025-05-17,113.2065
2021-03-16,2025-05-17,2025-05-17,112.997
2021-03-17,2025-05-17,2025-05-17,113.1726
2021-03-18,2025-05-17,2025-05-17,112.7872
2021-03-19,2025-05-17,2025-05-17,112.9877
2021-03-22,2025-05-17,2025-05-17,113.0154
2021-03-23,2025-05-17,2025-05-17,113.3038
2021-03-24,2025-05-17,2025-05-17,113.669
2021-03-25,2025-05-17,2025-05-17,114.014
2021-03-26,2025-05-17,2025-05-17,113.7532
2021-03-29,2025-05-17,2025-05-17,113.9447
2021-03-30,2025-05-17,2025-05-17,114.2152
2021-03-31,2025-05-17,2025-05-17,113.8351
2021-04-01,2025-05-17,2025-05-17,113.7504
2021-04-02,2025-05-17,2025-05-17,113.7429
2021-04-05,2025-05-17,2025-05-17,113.406
2021-04-06,2025-05-17,2025-05-17,113.1575
2021-04-07,2025-05-17,2025-05-17,113.254
2021-04-08,2025-05-17,2025-05-17,113.1015
2021-04-09,2025-05-17,2025-05-17,113.2132
2021-04-12,2025-05-17,2025-05-17,113.1916
2021-04-13,2025-05-17,2025-05-17,113.0489
2021-04-14,2025-05-17,2025-05-17,112.7951
2021-04-15,2025-05-17,2025-05-17,112.6274
2021-04-16,2025-05-17,2025-05-17,112.4913
2021-04-19,2025-05-17,2025-05-17,112.1929
2021-04-20,2025-05-17,2025-05-17,112.2444
2021-04-21,2025-05-17,2025-05-17,112.1862
2021-04-22,2025-05-17,2025-05-17,112.2385
2021-04-23,2025-05-17,2025-05-17,112.0981
2021-04-26,2025-05-17,2025-05-17,111.8207
2021-04-27,2025-05-17,2025-05-17,111.9203
2021-04-28,2025-05-17,2025-05-17,111.8015
2021-04-29,2025-05-17,2025-05-17,111.7583
2021-04-30,2025-05-17,2025-05-17,112.0959
2021-05-03,2025-05-17,2025-05-17,112.0176
2021-05-04,2025-05-17,2025-05-17,112.3021
2021-05-05,2025-05-17,2025-05-17,112.1639
2021-05-06,2025-05-17,2025-05-17,111.8525
2021-05-07,2025-05-17,2025-05-17,111.0372
2021-05-10,2025-05-17,2025-05-17,110.803
2021-05-11,2025-05-17,2025-05-17,110.904
2021-05-12,2025-05-17,2025-05-17,111.5762
2021-05-13,2025-05-17,2025-05-17,111.6079
2021-05-14,2025-05-17,2025-05-17,111.1476
2021-05-17,2025-05-17,2025-05-17,111.0913
2021-05-18,2025-05-17,2025-05-17,110.8446
2021-05-19,2025-05-17,2025-05-17,110.8933
2021-05-20,2025-05-17,2025-05-17,110.8741
2021-05-21,2025-05-17,2025-05-17,111.0714
2021-05-24,2025-05-17,2025-05-17,110.9254
2021-05-25,2025-05-17,2025-05-17,110.8557
2021-05-26,2025-05-17,2025-05-17,110.8814
2021-05-27,2025-05-17,2025-05-17,110.8829
2021-05-28,2025-05-17,2025-05-17,110.7711
2021-05-31,2025-05-17,2025-05-17,
2021-06-01,2025-05-17,2025-05-17,110.5179
2021-06-02,2025-05-17,2025-05-17,110.5924
2021-06-03,2025-05-17,2025-05-17,111.1905
2021-06-04,2025-05-17,2025-05-17,110.7645
2021-06-07,2025-05-17,2025-05-17,110.5275
2021-06-08,2025-05-17,2025-05-17,110.6608
2021-06-09,2025-05-17,2025-05-17,110.582
2021-06-10,2025-05-17,2025-05-17,110.557
2021-06-11,2025-05-17,2025-05-17,111.1052
2021-06-14,2025-05-17,2025-05-17,110.9779
2021-06-15,2025-05-17,2025-05-17,111.3634
2021-06-16,2025-05-17,2025-05-17,111.1287
2021-06-17,2025-05-17,2025-05-17,112.5881
2021-06-18,2025-05-17,2025-05-17,113.0517
2021-06-21,2025-05-17,2025-05-17,112.8506
2021-06-22,2025-05-17,2025-05-17,112.929
2021-06-23,2025-05-17,2025-05-17,112.3931
2021-06-24,2025-05-17,2025-05-17,112.3357
2021-06-25,2025-05-17,2025-05-17,111.9742
2021-06-28,2025-05-17,2025-05-17,112.033
2021-06-29,2025-05-17,2025-05-17,112.2692
2021-06-30,2025-05-17,2025-05-17,112.5613
2021-07-01,2025-05-17,2025-05-17,112.7484
2021-07-02,2025-05-17,2025-05-17,112.5507
2021-07-05,2025-05-17,2025-05-17,
2021-07-06,2025-05-17,2025-05-17,112.9602
2021-07-07,2025-05-17,2025-05-17,113.1136
2021-07-08,2025-05-17,2025-05-17,113.0863
2021-07-09,2025-05-17,2025-05-17,112.8468
2021-07-12,2025-05-17,2025-05-17,112.7701
2021-07-13,2025-05-17,2025-05-17,113.0153
2021-07-14,2025-05-17,2025-05-17,112.8885
2021-07-15,2025-05-17,2025-05-17,113.0122
2021-07-16,2025-05-17,2025-05-17,113.0504
2021-07-19,2025-05-17,2025-05-17,113.5547
2021-07-20,2025-05-17,2025-05-17,113.7582
2021-07-21,2025-05-17,2025-05-17,113.4018
2021-07-22,2025-05-17,2025-05-17,113.4788
2021-07-23,2025-05-17,2025-05-17,113.4486
2021-07-26,2025-05-17,2025-05-17,113.2335
2021-07-27,2025-05-17,2025-05-17,113.2321
2021-07-28,2025-05-17,2025-05-17,113.1899
2021-07-29,2025-05-17,2025-05-17,112.4927
2021-07-30,2025-05-17,2025-05-17,112.6808
2021-08-02,2025-05-17,2025-05-17,112.6784
2021-08-03,2025-05-17,2025-05-17,112.8331
2021-08-04,2025-05-17,2025-05-17,112.906
2021-08-05,2025-05-17,2025-05-17,112.778
2021-08-06,2025-05-17,2025-05-17,113.3192
2021-08-09,2025-05-17,2025-05-17,113.4625
2021-08-10,2025-05-17,2025-05-17,113.5072
2021-08-11,2025-05-17,2025-05-17,113.2917
2021-08-12,2025-05-17,2025-05-17,113.278
2021-08-13,2025-05-17,2025-05-17,113.0708
2021-08-16,2025-05-17,2025-05-17,113.179
2021-08-17,2025-05-17,2025-05-17,113.6263
2021-08-18,2025-05-17,2025-05-17,113.705
2021-08-19,2025-05-17,2025-05-17,114.1195
2021-08-20,2025-05-17,2025-05-17,114.5108
2021-08-23,2025-05-17,2025-05-17,113.9526
2021-08-24,2025-05-17,2025-05-17,113.6899
2021-08-25,2025-05-17,2025-05-17,113.6424
2021-08-26,2025-05-17,2025-05-17,113.7986
2021-08-27,2025-05-17,2025-05-17,113.3511
2021-08-30,2025-05-17,2025-05-17,113.256
2021-08-31,2025-05-17,2025-05-17,113.1175
2021-09-01,2025-05-17,2025-05-17,112.8832
2021-09-02,2025-05-17,2025-05-17,112.7966
2021-09-03,2025-05-17,2025-05-17,112.558
2021-09-06,2025-05-17,2025-05-17,
2021-09-07,2025-05-17,2025-05-17,112.9892
2021-09-08,2025-05-17,2025-05-17,113.2414
2021-09-09,2025-05-17,2025-05-17,113.053
2021-09-10,2025-05-17,2025-05-17,112.9519
2021-09-13,2025-05-17,2025-05-17,113.0432
2021-09-14,2025-05-17,2025-05-17,113.0151
2021-09-15,2025-05-17,2025-05-17,112.9862
2021-09-16,2025-05-17,2025-05-17,113.3122
2021-09-17,2025-05-17,2025-05-17,113.6074
2021-09-20,2025-05-17,2025-05-17,113.9511
2021-09-21,2025-05-17,2025-05-17,113.8266
2021-09-22,2025-05-17,2025-05-17,113.631
2021-09-23,2025-05-17,2025-05-17,113.5224
2021-09-24,2025-05-17,2025-05-17,113.7694
2021-09-27,2025-05-17,2025-05-17,113.7532
2021-09-28,2025-05-17,2025-05-17,114.2571
2021-09-29,2025-05-17,2025-05-17,114.7191
2021-09-30,2025-05-17,2025-05-17,114.6504
2021-10-01,2025-05-17,2025-05-17,114.3899
2021-10-04,2025-05-17,2025-05-17,114.2847
2021-10-05,2025-05-17,2025-05-17,114.3767
2021-10-06,2025-05-17,2025-05-17,114.7292
2021-10-07,2025-05-17,2025-05-17,114.5156
2021-10-08,2025-05-17,2025-05-17,114.6108
2021-10-11,2025-05-17,2025-05-17,
2021-10-12,2025-05-17,2025-05-17,114.7667
2021-10-13,2025-05-17,2025-05-17,114.4827
2021-10-14,2025-05-17,2025-05-17,114.2181
2021-10-15,2025-05-17,2025-05-17,114.1033
2021-10-18,2025-05-17,2025-05-17,114.0022
2021-10-19,2025-05-17,2025-05-17,113.6595
2021-10-20,2025-05-17,2025-05-17,113.521
2021-10-21,2025-05-17,2025-05-17,113.6322
2021-10-22,2025-05-17,2025-05-17,113.6828
2021-10-25,2025-05-17,2025-05-17,113.6172
2021-10-26,2025-05-17,2025-05-17,113.6863
2021-10-27,2025-05-17,2025-05-17,113.6342
2021-10-28,2025-05-17,2025-05-17,113.453
2021-10-29,2025-05-17,2025-05-17,114.149
2021-11-01,2025-05-17,2025-05-17,114.2231
2021-11-02,2025-05-17,2025-05-17,114.2997
2021-11-03,2025-05-17,2025-05-17,114.3754
2021-11-04,2025-05-17,2025-05-17,114.37
2021-11-05,2025-05-17,2025-05-17,114.0865
2021-11-08,2025-05-17,2025-05-17,113.8391
2021-11-09,2025-05-17,2025-05-17,113.7746
2021-11-10,2025-05-17,2025-05-17,114.1611
2021-11-11,2025-05-17,2025-05-17,
2021-11-12,2025-05-17,2025-05-17,114.5263
2021-11-15,2025-05-17,2025-05-17,114.6003
2021-11-16,2025-05-17,2025-05-17,115.149
2021-11-17,2025-05-17,2025-05-17,115.039
2021-11-18,2025-05-17,2025-05-17,115.0811
2021-11-19,2025-05-17,2025-05-17,115.2318
2021-11-22,2025-05-17,2025-05-17,115.6615
2021-11-23,2025-05-17,2025-05-17,116.026
2021-11-24,2025-05-17,2025-05-17,116.2855
2021-11-25,2025-05-17,2025-05-17,
2021-11-26,2025-05-17,2025-05-17,116.5259
2021-11-29,2025-05-17,2025-05-17,116.596
2021-11-30,2025-05-17,2025-05-17,116.2206
2021-12-01,2025-05-17,2025-05-17,115.9026
2021-12-02,2025-05-17,2025-05-17,116.0313
2021-12-03,2025-05-17,2025-05-17,116.2511
2021-12-06,2025-05-17,2025-05-17,116.1663
2021-12-07,2025-05-17,2025-05-17,115.8676
2021-12-08,2025-05-17,2025-05-17,115.4541
2021-12-09,2025-05-17,2025-05-17,115.7904
2021-12-10,2025-05-17,2025-05-17,115.5852
2021-12-13,2025-05-17,2025-05-17,115.8538
2021-12-14,2025-05-17,2025-05-17,116.252
2021-12-15,2025-05-17,2025-05-17,116.4342
2021-12-16,2025-05-17,2025-05-17,115.7267
2021-12-17,2025-05-17,2025-05-17,115.8022
2021-12-20,2025-05-17,2025-05-17,116.0206
2021-12-21,2025-05-17,2025-05-17,116.1208
2021-12-22,2025-05-17,2025-05-17,115.7612
2021-12-23,2025-05-17,2025-05-17,115.5469
2021-12-24,2025-05-17,2025-05-17,
2021-12-27,2025-05-17,2025-05-17,115.4821
2021-12-28,2025-05-17,2025-05-17,115.4327
2021-12-29,2025-05-17,2025-05-17,115.3819
2021-12-30,2025-05-17,2025-05-17,115.2969
2021-12-31,2025-05-17,2025-05-17,
2022-01-03,2025-05-17,2025-05-17,115.4243
2022-01-04,2025-05-17,2025-05-17,115.3263
2022-01-05,2025-05-17,2025-05-17,115.1524
2022-01-06,2025-05-17,2025-05-17,115.4189
2022-01-07,2025-05-17,2025-05-17,115.0596
2022-01-10,2025-05-17,2025-05-17,115.235
2022-01-11,2025-05-17,2025-05-17,114.8467
2022-01-12,2025-05-17,2025-05-17,114.3713
2022-01-13,2025-05-17,2025-05-17,114.1934
2022-01-14,2025-05-17,2025-05-17,114.3968
2022-01-17,2025-05-17,2025-05-17,
2022-01-18,2025-05-17,2025-05-17,114.7513
2022-01-19,2025-05-17,2025-05-17,114.6254
2022-01-20,2025-05-17,2025-05-17,114.4779
2022-01-21,2025-05-17,2025-05-17,114.6261
2022-01-24,2025-05-17,2025-05-17,115.2165
2022-01-25,2025-05-17,2025-05-17,115.1779
2022-01-26,2025-05-17,2025-05-17,115.1044
2022-01-27,2025-05-17,2025-05-17,115.9874
2022-01-28,2025-05-17,2025-05-17,116.049
2022-01-31,2025-05-17,2025-05-17,115.5742
2022-02-01,2025-05-17,2025-05-17,115.3775
2022-02-02,2025-05-17,2025-05-17,115.1643
2022-02-03,2025-05-17,2025-05-17,114.9175
2022-02-04,2025-05-17,2025-05-17,115.1473
2022-02-07,2025-05-17,2025-05-17,115.0209
2022-02-08,2025-05-17,2025-05-17,115.0999
2022-02-09,2025-05-17,2025-05-17,114.8329
2022-02-10,2025-05-17,2025-05-17,114.5618
2022-02-11,2025-05-17,2025-05-17,114.8489
2022-02-14,2025-05-17,2025-05-17,115.2008
2022-02-15,2025-05-17,2025-05-17,114.9357
2022-02-16,2025-05-17,2025-05-17,114.6954
2022-02-17,2025-05-17,2025-05-17,114.682
2022-02-18,2025-05-17,2025-05-17,114.8036
2022-02-21,2025-05-17,2025-05-17,
2022-02-22,2025-05-17,2025-05-17,114.7054
2022-02-23,2025-05-17,2025-05-17,114.6718
2022-02-24,2025-05-17,2025-05-17,115.9478
2022-02-25,2025-05-17,2025-05-17,115.2633
2022-02-28,2025-05-17,2025-05-17,115.2317
2022-03-01,2025-05-17,2025-05-17,115.8062
2022-03-02,2025-05-17,2025-05-17,115.7727
2022-03-03,2025-05-17,2025-05-17,115.9592
2022-03-04,2025-05-17,2025-05-17,116.661
2022-03-07,2025-05-17,2025-05-17,117.3406
2022-03-08,2025-05-17,2025-05-17,117.6281
2022-03-09,2025-05-17,2025-05-17,116.6057
2022-03-10,2025-05-17,2025-05-17,116.75
2022-03-11,2025-05-17,2025-05-17,117.0294
2022-03-14,2025-05-17,2025-05-17,117.1594
2022-03-15,2025-05-17,2025-05-17,117.2533
2022-03-16,2025-05-17,2025-05-17,116.8135
2022-03-17,2025-05-17,2025-05-17,116.0544
2022-03-18,2025-05-17,2025-05-17,116.1447
2022-03-21,2025-05-17,2025-05-17,115.9467
2022-03-22,2025-05-17,2025-05-17,116.0888
2022-03-23,2025-05-17,2025-05-17,116.0101
2022-03-24,2025-05-17,2025-05-17,115.9651
2022-03-25,2025-05-17,2025-05-17,115.7953
2022-03-28,2025-05-17,2025-05-17,116.1953
2022-03-29,2025-05-17,2025-05-17,115.572
2022-03-30,2025-05-17,2025-05-17,115.0857
2022-03-31,2025-05-17,2025-05-17,115.2254
2022-04-01,2025-05-17,2025-05-17,115.4835
2022-04-04,2025-05-17,2025-05-17,115.4121
2022-04-05,2025-05-17,2025-05-17,115.7328
2022-04-06,2025-05-17,2025-05-17,116.002
2022-04-07,2025-05-17,2025-05-17,116.3541
2022-04-08,2025-05-17,2025-05-17,116.42
2022-04-11,2025-05-17,2025-05-17,116.5423
2022-04-12,2025-05-17,2025-05-17,116.387
2022-04-13,2025-05-17,2025-05-17,116.2793
2022-04-14,2025-05-17,2025-05-17,116.7552
2022-04-15,2025-05-17,2025-05-17,116.7011
2022-04-18,2025-05-17,2025-05-17,116.8427
2022-04-19,2025-05-17,2025-05-17,117.1322
2022-04-20,2025-05-17,2025-05-17,116.7325
2022-04-21,2025-05-17,2025-05-17,117.1454
2022-04-22,2025-05-17,2025-05-17,118.0205
2022-04-25,2025-05-17,2025-05-17,118.6298
2022-04-26,2025-05-17,2025-05-17,118.9658
2022-04-27,2025-05-17,2025-05-17,119.472
2022-04-28,2025-05-17,2025-05-17,120.0703
2022-04-29,2025-05-17,2025-05-17,119.4936
2022-05-02,2025-05-17,2025-05-17,119.8827
2022-05-03,2025-05-17,2025-05-17,119.7037
2022-05-04,2025-05-17,2025-05-17,119.5567
2022-05-05,2025-05-17,2025-05-17,120.0043
2022-05-06,2025-05-17,2025-05-17,119.8544
2022-05-09,2025-05-17,2025-05-17,120.4949
2022-05-10,2025-05-17,2025-05-17,120.7716
2022-05-11,2025-05-17,2025-05-17,120.3896
2022-05-12,2025-05-17,2025-05-17,121.273
2022-05-13,2025-05-17,2025-05-17,120.8379
2022-05-16,2025-05-17,2025-05-17,120.6812
2022-05-17,2025-05-17,2025-05-17,119.8816
2022-05-18,2025-05-17,2025-05-17,120.022
2022-05-19,2025-05-17,2025-05-17,119.4244
2022-05-20,2025-05-17,2025-05-17,119.3617
2022-05-23,2025-05-17,2025-05-17,118.712
2022-05-24,2025-05-17,2025-05-17,118.6208
2022-05-25,2025-05-17,2025-05-17,118.9561
2022-05-26,2025-05-17,2025-05-17,118.7671
2022-05-27,2025-05-17,2025-05-17,118.2796
2022-05-30,2025-05-17,2025-05-17,
2022-05-31,2025-05-17,2025-05-17,118.0689
2022-06-01,2025-05-17,2025-05-17,118.6936
2022-06-02,2025-05-17,2025-05-17,118.0642
2022-06-03,2025-05-17,2025-05-17,118.2138
2022-06-06,2025-05-17,2025-05-17,118.3053
2022-06-07,2025-05-17,2025-05-17,118.4401
2022-06-08,2025-05-17,2025-05-17,118.3944
2022-06-09,2025-05-17,2025-05-17,118.9193
2022-06-10,2025-05-17,2025-05-17,119.9942
2022-06-13,2025-05-17,2025-05-17,121.1517
2022-06-14,2025-05-17,2025-05-17,121.6668
2022-06-15,2025-05-17,2025-05-17,121.6382
2022-06-16,2025-05-17,2025-05-17,120.6755
2022-06-17,2025-05-17,2025-05-17,121.2389
2022-06-20,2025-05-17,2025-05-17,
2022-06-21,2025-05-17,2025-05-17,120.646
2022-06-22,2025-05-17,2025-05-17,120.5232
2022-06-23,2025-05-17,2025-05-17,120.7646
2022-06-24,2025-05-17,2025-05-17,120.4897
2022-06-27,2025-05-17,2025-05-17,120.1789
2022-06-28,2025-05-17,2025-05-17,120.6254
2022-06-29,2025-05-17,2025-05-17,120.9689
2022-06-30,2025-05-17,2025-05-17,120.9718
2022-07-01,2025-05-17,2025-05-17,121.5123
2022-07-04,2025-05-17,2025-05-17,
2022-07-05,2025-05-17,2025-05-17,122.6276
2022-07-06,2025-05-17,2025-05-17,123.0165
2022-07-07,2025-05-17,2025-05-17,122.7336
2022-07-08,2025-05-17,2025-05-17,122.4724
2022-07-11,2025-05-17,2025-05-17,123.3062
2022-07-12,2025-05-17,2025-05-17,123.4612
2022-07-13,2025-05-17,2025-05-17,123.293
2022-07-14,2025-05-17,2025-05-17,124.0717
2022-07-15,2025-05-17,2025-05-17,123.4842
2022-07-18,2025-05-17,2025-05-17,122.78
2022-07-19,2025-05-17,2025-05-17,122.4922
2022-07-20,2025-05-17,2025-05-17,122.6096
2022-07-21,2025-05-17,2025-05-17,122.9169
2022-07-22,2025-05-17,2025-05-17,122.4643
2022-07-25,2025-05-17,2025-05-17,122.4721
2022-07-26,2025-05-17,2025-05-17,122.7698
2022-07-27,2025-05-17,2025-05-17,122.8281
2022-07-28,2025-05-17,2025-05-17,122.1267
2022-07-29,2025-05-17,2025-05-17,121.7793
2022-08-01,2025-05-17,2025-05-17,121.4218
2022-08-02,2025-05-17,2025-05-17,121.9609
2022-08-03,2025-05-17,2025-05-17,122.4002
2022-08-04,2025-05-17,2025-05-17,121.8436
2022-08-05,2025-05-17,2025-05-17,122.33
2022-08-08,2025-05-17,2025-05-17,121.8887
2022-08-09,2025-05-17,2025-05-17,121.8719
2022-08-10,2025-05-17,2025-05-17,120.7648
2022-08-11,2025-05-17,2025-05-17,120.7281
2022-08-12,2025-05-17,2025-05-17,121.0272
2022-08-15,2025-05-17,2025-05-17,121.4382
2022-08-16,2025-05-17,2025-05-17,121.6889
2022-08-17,2025-05-17,2025-05-17,122.0802
2022-08-18,2025-05-17,2025-05-17,122.3722
2022-08-19,2025-05-17,2025-05-17,123.0596
2022-08-22,2025-05-17,2025-05-17,123.6123
2022-08-23,2025-05-17,2025-05-17,123.0617
2022-08-24,2025-05-17,2025-05-17,123.1136
2022-08-25,2025-05-17,2025-05-17,123.0645
2022-08-26,2025-05-17,2025-05-17,123.0709
2022-08-29,2025-05-17,2025-05-17,123.4739
2022-08-30,2025-05-17,2025-05-17,123.6893
2022-08-31,2025-05-17,2025-05-17,123.5407
2022-09-01,2025-05-17,2025-05-17,124.4045
2022-09-02,2025-05-17,2025-05-17,123.7771
2022-09-05,2025-05-17,2025-05-17,
2022-09-06,2025-05-17,2025-05-17,124.7719
2022-09-07,2025-05-17,2025-05-17,124.8457
2022-09-08,2025-05-17,2025-05-17,124.584
2022-09-09,2025-05-17,2025-05-17,123.7954
2022-09-12,2025-05-17,2025-05-17,123.3441
2022-09-13,2025-05-17,2025-05-17,124.4342
2022-09-14,2025-05-17,2025-05-17,124.4593
2022-09-15,2025-05-17,2025-05-17,124.8944
2022-09-16,2025-05-17,2025-05-17,124.8879
2022-09-19,2025-05-17,2025-05-17,125.0177
2022-09-20,2025-05-17,2025-05-17,125.1324
2022-09-21,2025-05-17,2025-05-17,125.7464
2022-09-22,2025-05-17,2025-05-17,126.1668
2022-09-23,2025-05-17,2025-05-17,127.2867
2022-09-26,2025-05-17,2025-05-17,128.4544
2022-09-27,2025-05-17,2025-05-17,128.4399
2022-09-28,2025-05-17,2025-05-17,128.0937
2022-09-29,2025-05-17,2025-05-17,127.5463
2022-09-30,2025-05-17,2025-05-17,127.5159
2022-10-03,2025-05-17,2025-05-17,127.0793
2022-10-04,2025-05-17,2025-05-17,126.184
2022-10-05,2025-05-17,2025-05-17,126.863
2022-10-06,2025-05-17,2025-05-17,127.2481
2022-10-07,2025-05-17,2025-05-17,127.3093
2022-10-10,2025-05-17,2025-05-17,
2022-10-11,2025-05-17,2025-05-17,127.6614
2022-10-12,2025-05-17,2025-05-17,128.1456
2022-10-13,2025-05-17,2025-05-17,127.7276
2022-10-14,2025-05-17,2025-05-17,128.3303
2022-10-17,2025-05-17,2025-05-17,127.6478
2022-10-18,2025-05-17,2025-05-17,127.9184
2022-10-19,2025-05-17,2025-05-17,128.3992
2022-10-20,2025-05-17,2025-05-17,128.0084
2022-10-21,2025-05-17,2025-05-17,127.6758
2022-10-24,2025-05-17,2025-05-17,128.0351
2022-10-25,2025-05-17,2025-05-17,127.384
2022-10-26,2025-05-17,2025-05-17,126.481
2022-10-27,2025-05-17,2025-05-17,126.7102
2022-10-28,2025-05-17,2025-05-17,127.2196
2022-10-31,2025-05-17,2025-05-17,127.6272
2022-11-01,2025-05-17,2025-05-17,127.4011
2022-11-02,2025-05-17,2025-05-17,127.3138
2022-11-03,2025-05-17,2025-05-17,128.1712
2022-11-04,2025-05-17,2025-05-17,127.149
2022-11-07,2025-05-17,2025-05-17,126.3098
2022-11-08,2025-05-17,2025-05-17,125.64
2022-11-09,2025-05-17,2025-05-17,125.9926
2022-11-10,2025-05-17,2025-05-17,124.7142
2022-11-11,2025-05-17,2025-05-17,
2022-11-14,2025-05-17,2025-05-17,123.4425
2022-11-15,2025-05-17,2025-05-17,123.0534
2022-11-16,2025-05-17,2025-05-17,123.2964
2022-11-17,2025-05-17,2025-05-17,123.9929
2022-11-18,2025-05-17,2025-05-17,123.8678
2022-11-21,2025-05-17,2025-05-17,124.7143
2022-11-22,2025-05-17,2025-05-17,124.251
2022-11-23,2025-05-17,2025-05-17,123.7739
2022-11-24,2025-05-17,2025-05-17,
2022-11-25,2025-05-17,2025-05-17,123.3547
2022-11-28,2025-05-17,2025-05-17,123.6181
2022-11-29,2025-05-17,2025-05-17,123.6703
2022-11-30,2025-05-17,2025-05-17,123.5276
2022-12-01,2025-05-17,2025-05-17,122.0147
2022-12-02,2025-05-17,2025-05-17,122.0218
2022-12-05,2025-05-17,2025-05-17,122.6511
2022-12-06,2025-05-17,2025-05-17,123.0319
2022-12-07,2025-05-17,2025-05-17,122.7716
2022-12-08,2025-05-17,2025-05-17,122.4275
2022-12-09,2025-05-17,2025-05-17,122.4343
2022-12-12,2025-05-17,2025-05-17,122.7861
2022-12-13,2025-05-17,2025-05-17,121.8644
2022-12-14,2025-05-17,2025-05-17,121.8391
2022-12-15,2025-05-17,2025-05-17,122.5684
2022-12-16,2025-05-17,2025-05-17,122.6647
2022-12-19,2025-05-17,2025-05-17,122.5438
2022-12-20,2025-05-17,2025-05-17,122.1502
2022-12-21,2025-05-17,2025-05-17,122.2965
2022-12-22,2025-05-17,2025-05-17,122.2525
2022-12-23,2025-05-17,2025-05-17,121.9843
2022-12-26,2025-05-17,2025-05-17,
2022-12-27,2025-05-17,2025-05-17,121.767
2022-12-28,2025-05-17,2025-05-17,122.02
2022-12-29,2025-05-17,2025-05-17,121.6713
2022-12-30,2025-05-17,2025-05-17,121.4392
2023-01-02,2025-05-17,2025-05-17,
2023-01-03,2025-05-17,2025-05-17,122.0844
2023-01-04,2025-05-17,2025-05-17,121.5108
2023-01-05,2025-05-17,2025-05-17,122.0786
2023-01-06,2025-05-17,2025-05-17,121.0814
2023-01-09,2025-05-17,2025-05-17,120.1403
2023-01-10,2025-05-17,2025-05-17,120.234
2023-01-11,2025-05-17,2025-05-17,120.1445
2023-01-12,2025-05-17,2025-05-17,119.4108
2023-01-13,2025-05-17,2025-05-17,119.1422
2023-01-16,2025-05-17,2025-05-17,
2023-01-17,2025-05-17,2025-05-17,119.2186
2023-01-18,2025-05-17,2025-05-17,119.08
2023-01-19,2025-05-17,2025-05-17,119.6033
2023-01-20,2025-05-17,2025-05-17,119.3588
2023-01-23,2025-05-17,2025-05-17,119.1671
2023-01-24,2025-05-17,2025-05-17,119.1174
2023-01-25,2025-05-17,2025-05-17,118.995
2023-01-26,2025-05-17,2025-05-17,119.0472
2023-01-27,2025-05-17,2025-05-17,118.9521
2023-01-30,2025-05-17,2025-05-17,118.9079
2023-01-31,2025-05-17,2025-05-17,118.991
2023-02-01,2025-05-17,2025-05-17,118.6396
2023-02-02,2025-05-17,2025-05-17,118.349
2023-02-03,2025-05-17,2025-05-17,119.5014
2023-02-06,2025-05-17,2025-05-17,120.5116
2023-02-07,2025-05-17,2025-05-17,120.3298
2023-02-08,2025-05-17,2025-05-17,120.139
2023-02-09,2025-05-17,2025-05-17,119.9785
2023-02-10,2025-05-17,2025-05-17,120.1531
2023-02-13,2025-05-17,2025-05-17,120.0145
2023-02-14,2025-05-17,2025-05-17,119.9601
2023-02-15,2025-05-17,2025-05-17,120.4926
2023-02-16,2025-05-17,2025-05-17,120.5069
2023-02-17,2025-05-17,2025-05-17,120.6023
2023-02-20,2025-05-17,2025-05-17,
2023-02-21,2025-05-17,2025-05-17,120.678
2023-02-22,2025-05-17,2025-05-17,120.8969
2023-02-23,2025-05-17,2025-05-17,121.141
2023-02-24,2025-05-17,2025-05-17,121.6297
2023-02-27,2025-05-17,2025-05-17,121.4656
2023-02-28,2025-05-17,2025-05-17,121.4062
2023-03-01,2025-05-17,2025-05-17,120.6971
2023-03-02,2025-05-17,2025-05-17,121.1949
2023-03-03,2025-05-17,2025-05-17,120.8468
2023-03-06,2025-05-17,2025-05-17,120.5776
2023-03-07,2025-05-17,2025-05-17,121.531
2023-03-08,2025-05-17,2025-05-17,121.5222
2023-03-09,2025-05-17,2025-05-17,121.5225
2023-03-10,2025-05-17,2025-05-17,121.2963
2023-03-13,2025-05-17,2025-05-17,120.9157
2023-03-14,2025-05-17,2025-05-17,121.052
2023-03-15,2025-05-17,2025-05-17,122.1149
2023-03-16,2025-05-17,2025-05-17,121.751
2023-03-17,2025-05-17,2025-05-17,121.5923
2023-03-20,2025-05-17,2025-05-17,121.0637
2023-03-21,2025-05-17,2025-05-17,120.9535
2023-03-22,2025-05-17,2025-05-17,120.6883
2023-03-23,2025-05-17,2025-05-17,119.8174
2023-03-24,2025-05-17,2025-05-17,120.5106
2023-03-27,2025-05-17,2025-05-17,120.3239
2023-03-28,2025-05-17,2025-05-17,119.7987
2023-03-29,2025-05-17,2025-05-17,119.8223
2023-03-30,2025-05-17,2025-05-17,119.5103
2023-03-31,2025-05-17,2025-05-17,119.4611
2023-04-03,2025-05-17,2025-05-17,119.4342
2023-04-04,2025-05-17,2025-05-17,119.2641
2023-04-05,2025-05-17,2025-05-17,119.4068
2023-04-06,2025-05-17,2025-05-17,119.4229
2023-04-07,2025-05-17,2025-05-17,119.4673
2023-04-10,2025-05-17,2025-05-17,119.8962
2023-04-11,2025-05-17,2025-05-17,119.6409
2023-04-12,2025-05-17,2025-05-17,119.1341
2023-04-13,2025-05-17,2025-05-17,118.5376
2023-04-14,2025-05-17,2025-05-17,118.983
2023-04-17,2025-05-17,2025-05-17,119.3981
2023-04-18,2025-05-17,2025-05-17,119.2345
2023-04-19,2025-05-17,2025-05-17,119.4377
2023-04-20,2025-05-17,2025-05-17,119.2525
2023-04-21,2025-05-17,2025-05-17,119.4472
2023-04-24,2025-05-17,2025-05-17,119.3486
2023-04-25,2025-05-17,2025-05-17,119.7551
2023-04-26,2025-05-17,2025-05-17,119.4758
2023-04-27,2025-05-17,2025-05-17,119.5754
2023-04-28,2025-05-17,2025-05-17,119.376
2023-05-01,2025-05-17,2025-05-17,119.5845
2023-05-02,2025-05-17,2025-05-17,119.7514
2023-05-03,2025-05-17,2025-05-17,119.2773
2023-05-04,2025-05-17,2025-05-17,119.19
2023-05-05,2025-05-17,2025-05-17,118.7184
2023-05-08,2025-05-17,2025-05-17,118.7415
2023-05-09,2025-05-17,2025-05-17,118.984
2023-05-10,2025-05-17,2025-05-17,118.7561
2023-05-11,2025-05-17,2025-05-17,119.1902
2023-05-12,2025-05-17,2025-05-17,119.5206
2023-05-15,2025-05-17,2025-05-17,119.3288
2023-05-16,2025-05-17,2025-05-17,119.3567
2023-05-17,2025-05-17,2025-05-17,119.7849
2023-05-18,2025-05-17,2025-05-17,120.2642
2023-05-19,2025-05-17,2025-05-17,119.9479
2023-05-22,2025-05-17,2025-05-17,120.2609
2023-05-23,2025-05-17,2025-05-17,120.4913
2023-05-24,2025-05-17,2025-05-17,120.6481
2023-05-25,2025-05-17,2025-05-17,121.0126
2023-05-26,2025-05-17,2025-05-17,120.8022
2023-05-29,2025-05-17,2025-05-17,
2023-05-30,2025-05-17,2025-05-17,120.7387
2023-05-31,2025-05-17,2025-05-17,121.1527
2023-06-01,2025-05-17,2025-05-17,120.2628
2023-06-02,2025-05-17,2025-05-17,120.2102
2023-06-05,2025-05-17,2025-05-17,120.2175
2023-06-06,2025-05-17,2025-05-17,120.1906
2023-06-07,2025-05-17,2025-05-17,120.0893
2023-06-08,2025-05-17,2025-05-17,119.8069
2023-06-09,2025-05-17,2025-05-17,119.6781
2023-06-12,2025-05-17,2025-05-17,119.889
2023-06-13,2025-05-17,2025-05-17,119.4641
2023-06-14,2025-05-17,2025-05-17,119.0646
2023-06-15,2025-05-17,2025-05-17,118.8447
2023-06-16,2025-05-17,2025-05-17,118.7168
2023-06-19,2025-05-17,2025-05-17,
2023-06-20,2025-05-17,2025-05-17,119.2458
2023-06-21,2025-05-17,2025-05-17,119.0438
2023-06-22,2025-05-17,2025-05-17,119.074
2023-06-23,2025-05-17,2025-05-17,119.4584
2023-06-26,2025-05-17,2025-05-17,119.4123
2023-06-27,2025-05-17,2025-05-17,119.235
2023-06-28,2025-05-17,2025-05-17,119.6759
2023-06-29,2025-05-17,2025-05-17,119.8659
2023-06-30,2025-05-17,2025-05-17,119.7118
2023-07-03,2025-05-17,2025-05-17,119.5618
2023-07-04,2025-05-17,2025-05-17,
2023-07-05,2025-05-17,2025-05-17,119.6971
2023-07-06,2025-05-17,2025-05-17,120.1579
2023-07-07,2025-05-17,2025-05-17,119.4293
2023-07-10,2025-05-17,2025-05-17,119.3179
2023-07-11,2025-05-17,2025-05-17,119.0891
2023-07-12,2025-05-17,2025-05-17,118.0104
2023-07-13,2025-05-17,2025-05-17,117.5569
2023-07-14,2025-05-17,2025-05-17,117.4209
2023-07-17,2025-05-17,2025-05-17,117.5139
2023-07-18,2025-05-17,2025-05-17,117.4145
2023-07-19,2025-05-17,2025-05-17,117.745
2023-07-20,2025-05-17,2025-05-17,117.9615
2023-07-21,2025-05-17,2025-05-17,118.3072
2023-07-24,2025-05-17,2025-05-17,118.1812
2023-07-25,2025-05-17,2025-05-17,118.1978
2023-07-26,2025-05-17,2025-05-17,118.1097
2023-07-27,2025-05-17,2025-05-17,118.2497
2023-07-28,2025-05-17,2025-05-17,118.1429
2023-07-31,2025-05-17,2025-05-17,118.1738
2023-08-01,2025-05-17,2025-05-17,118.9156
2023-08-02,2025-05-17,2025-05-17,119.4622
2023-08-03,2025-05-17,2025-05-17,119.7123
2023-08-04,2025-05-17,2025-05-17,119.1684
2023-08-07,2025-05-17,2025-05-17,119.4297
2023-08-08,2025-05-17,2025-05-17,119.987
2023-08-09,2025-05-17,2025-05-17,119.8273
2023-08-10,2025-05-17,2025-05-17,119.5248
2023-08-11,2025-05-17,2025-05-17,119.9929
2023-08-14,2025-05-17,2025-05-17,120.4451
2023-08-15,2025-05-17,2025-05-17,120.5927
2023-08-16,2025-05-17,2025-05-17,120.7308
2023-08-17,2025-05-17,2025-05-17,120.8924
2023-08-18,2025-05-17,2025-05-17,120.7937
2023-08-21,2025-05-17,2025-05-17,120.8271
2023-08-22,2025-05-17,2025-05-17,120.7274
2023-08-23,2025-05-17,2025-05-17,120.4036
2023-08-24,2025-05-17,2025-05-17,120.5987
2023-08-25,2025-05-17,2025-05-17,120.8752
2023-08-28,2025-05-17,2025-05-17,120.687
2023-08-29,2025-05-17,2025-05-17,120.6383
2023-08-30,2025-05-17,2025-05-17,120.187
2023-08-31,2025-05-17,2025-05-17,120.5882
2023-09-01,2025-05-17,2025-05-17,121.1011
2023-09-04,2025-05-17,2025-05-17,
2023-09-05,2025-05-17,2025-05-17,121.7785
2023-09-06,2025-05-17,2025-05-17,122.2029
2023-09-07,2025-05-17,2025-05-17,122.2903
2023-09-08,2025-05-17,2025-05-17,122.2933
2023-09-11,2025-05-17,2025-05-17,121.6757
2023-09-12,2025-05-17,2025-05-17,121.6301
2023-09-13,2025-05-17,2025-05-17,121.3981
2023-09-14,2025-05-17,2025-05-17,121.5744
2023-09-15,2025-05-17,2025-05-17,121.5361
2023-09-18,2025-05-17,2025-05-17,121.5414
2023-09-19,2025-05-17,2025-05-17,121.5175
2023-09-20,2025-05-17,2025-05-17,121.32
2023-09-21,2025-05-17,2025-05-17,121.8972
2023-09-22,2025-05-17,2025-05-17,121.8735
2023-09-25,2025-05-17,2025-05-17,122.4445
2023-09-26,2025-05-17,2025-05-17,122.795
2023-09-27,2025-05-17,2025-05-17,123.2947
2023-09-28,2025-05-17,2025-05-17,122.8562
2023-09-29,2025-05-17,2025-05-17,122.6332
2023-10-02,2025-05-17,2025-05-17,123.3573
2023-10-03,2025-05-17,2025-05-17,124.0624
2023-10-04,2025-05-17,2025-05-17,123.8848
2023-10-05,2025-05-17,2025-05-17,124.1752
2023-10-06,2025-05-17,2025-05-17,123.6561
2023-10-09,2025-05-17,2025-05-17,
2023-10-10,2025-05-17,2025-05-17,123.2437
2023-10-11,2025-05-17,2025-05-17,123.092
2023-10-12,2025-05-17,2025-05-17,123.5087
2023-10-13,2025-05-17,2025-05-17,123.8788
2023-10-16,2025-05-17,2025-05-17,123.621
2023-10-17,2025-05-17,2025-05-17,123.4334
2023-10-18,2025-05-17,2025-05-17,124.1001
2023-10-19,2025-05-17,2025-05-17,124.0861
2023-10-20,2025-05-17,2025-05-17,123.9049
2023-10-23,2025-05-17,2025-05-17,123.5935
2023-10-24,2025-05-17,2025-05-17,123.9249
2023-10-25,2025-05-17,2025-05-17,124.069
2023-10-26,2025-05-17,2025-05-17,124.285
2023-10-27,2025-05-17,2025-05-17,123.9145
2023-10-30,2025-05-17,2025-05-17,123.7044
2023-10-31,2025-05-17,2025-05-17,124.1229
2023-11-01,2025-05-17,2025-05-17,124.0801
2023-11-02,2025-05-17,2025-05-17,123.1995
2023-11-03,2025-05-17,2025-05-17,122.1006
2023-11-06,2025-05-17,2025-05-17,121.9692
2023-11-07,2025-05-17,2025-05-17,122.3882
2023-11-08,2025-05-17,2025-05-17,122.4055
2023-11-09,2025-05-17,2025-05-17,122.4434
2023-11-10,2025-05-17,2025-05-17,
2023-11-13,2025-05-17,2025-05-17,122.7389
2023-11-14,2025-05-17,2025-05-17,121.6865
2023-11-15,2025-05-17,2025-05-17,121.4035
2023-11-16,2025-05-17,2025-05-17,121.4953
2023-11-17,2025-05-17,2025-05-17,121.1657
2023-11-20,2025-05-17,2025-05-17,120.5653
2023-11-21,2025-05-17,2025-05-17,120.5182
2023-11-22,2025-05-17,2025-05-17,120.9757
2023-11-23,2025-05-17,2025-05-17,
2023-11-24,2025-05-17,2025-05-17,120.5285
2023-11-27,2025-05-17,2025-05-17,120.4893
2023-11-28,2025-05-17,2025-05-17,119.9174
2023-11-29,2025-05-17,2025-05-17,120.1246
2023-11-30,2025-05-17,2025-05-17,120.5421
2023-12-01,2025-05-17,2025-05-17,120.2542
2023-12-04,2025-05-17,2025-05-17,120.7669
2023-12-05,2025-05-17,2025-05-17,121.0731
2023-12-06,2025-05-17,2025-05-17,120.8348
2023-12-07,2025-05-17,2025-05-17,120.8938
2023-12-08,2025-05-17,2025-05-17,121.0499
2023-12-11,2025-05-17,2025-05-17,121.2212
2023-12-12,2025-05-17,2025-05-17,120.9825
2023-12-13,2025-05-17,2025-05-17,121.4667
2023-12-14,2025-05-17,2025-05-17,119.8952
2023-12-15,2025-05-17,2025-05-17,120.062
2023-12-18,2025-05-17,2025-05-17,120.2386
2023-12-19,2025-05-17,2025-05-17,119.8116
2023-12-20,2025-05-17,2025-05-17,119.8872
2023-12-21,2025-05-17,2025-05-17,119.6721
2023-12-22,2025-05-17,2025-05-17,119.4214
2023-12-25,2025-05-17,2025-05-17,
2023-12-26,2025-05-17,2025-05-17,119.2551
2023-12-27,2025-05-17,2025-05-17,118.8525
2023-12-28,2025-05-17,2025-05-17,118.762
2023-12-29,2025-05-17,2025-05-17,118.7686
2024-01-01,2025-05-17,2025-05-17,
2024-01-02,2025-05-17,2025-05-17,119.6165
2024-01-03,2025-05-17,2025-05-17,120.0407
2024-01-04,2025-05-17,2025-05-17,119.9775
2024-01-05,2025-05-17,2025-05-17,119.7474
2024-01-08,2025-05-17,2025-05-17,119.6237
2024-01-09,2025-05-17,2025-05-17,120.0296
2024-01-10,2025-05-17,2025-05-17,120.1258
2024-01-11,2025-05-17,2025-05-17,120.2516
2024-01-12,2025-05-17,2025-05-17,119.9009
2024-01-15,2025-05-17,2025-05-17,
2024-01-16,2025-05-17,2025-05-17,120.9213
2024-01-17,2025-05-17,2025-05-17,121.3823
2024-01-18,2025-05-17,2025-05-17,121.2366
2024-01-19,2025-05-17,2025-05-17,120.9947
2024-01-22,2025-05-17,2025-05-17,120.9687
2024-01-23,2025-05-17,2025-05-17,121.4244
2024-01-24,2025-05-17,2025-05-17,120.8336
2024-01-25,2025-05-17,2025-05-17,121.167
2024-01-26,2025-05-17,2025-05-17,120.9665
2024-01-29,2025-05-17,2025-05-17,121.1888
2024-01-30,2025-05-17,2025-05-17,120.9442
2024-01-31,2025-05-17,2025-05-17,120.7727
2024-02-01,2025-05-17,2025-05-17,120.6832
2024-02-02,2025-05-17,2025-05-17,121.2438
2024-02-05,2025-05-17,2025-05-17,121.6831
2024-02-06,2025-05-17,2025-05-17,121.3021
2024-02-07,2025-05-17,2025-05-17,121.2518
2024-02-08,2025-05-17,2025-05-17,121.4226
2024-02-09,2025-05-17,2025-05-17,121.3851
2024-02-12,2025-05-17,2025-05-17,121.2839
2024-02-13,2025-05-17,2025-05-17,121.8558
2024-02-14,2025-05-17,2025-05-17,121.7411
2024-02-15,2025-05-17,2025-05-17,121.5567
2024-02-16,2025-05-17,2025-05-17,121.4984
2024-02-19,2025-05-17,2025-05-17,
2024-02-20,2025-05-17,2025-05-17,121.3769
2024-02-21,2025-05-17,2025-05-17,121.3918
2024-02-22,2025-05-17,2025-05-17,121.4589
2024-02-23,2025-05-17,2025-05-17,121.3991
2024-02-26,2025-05-17,2025-05-17,121.4197
2024-02-27,2025-05-17,2025-05-17,121.3297
2024-02-28,2025-05-17,2025-05-17,121.4886
2024-02-29,2025-05-17,2025-05-17,121.5385
2024-03-01,2025-05-17,2025-05-17,121.3741
2024-03-04,2025-05-17,2025-05-17,121.2454
2024-03-05,2025-05-17,2025-05-17,121.2575
2024-03-06,2025-05-17,2025-05-17,120.8481
2024-03-07,2025-05-17,2025-05-17,120.5744
2024-03-08,2025-05-17,2025-05-17,120.3612
2024-03-11,2025-05-17,2025-05-17,120.4205
2024-03-12,2025-05-17,2025-05-17,120.5468
2024-03-13,2025-05-17,2025-05-17,120.3533
2024-03-14,2025-05-17,2025-05-17,120.6272
2024-03-15,2025-05-17,2025-05-17,120.7884
2024-03-18,2025-05-17,2025-05-17,120.9572
2024-03-19,2025-05-17,2025-05-17,121.3111
2024-03-20,2025-05-17,2025-05-17,121.3092
2024-03-21,2025-05-17,2025-05-17,121.1869
2024-03-22,2025-05-17,2025-05-17,121.5694
2024-03-25,2025-05-17,2025-05-17,121.4143
2024-03-26,2025-05-17,2025-05-17,121.4613
2024-03-27,2025-05-17,2025-05-17,121.4048
2024-03-28,2025-05-17,2025-05-17,121.4498
2024-03-29,2025-05-17,2025-05-17,121.4062
2024-04-01,2025-05-17,2025-05-17,121.8884
2024-04-02,2025-05-17,2025-05-17,121.6881
2024-04-03,2025-05-17,2025-05-17,121.4129
2024-04-04,2025-05-17,2025-05-17,121.1646
2024-04-05,2025-05-17,2025-05-17,121.3671
2024-04-08,2025-05-17,2025-05-17,121.1487
2024-04-09,2025-05-17,2025-05-17,121.1215
2024-04-10,2025-05-17,2025-05-17,121.9628
2024-04-11,2025-05-17,2025-05-17,122.003
2024-04-12,2025-05-17,2025-05-17,122.6566
2024-04-15,2025-05-17,2025-05-17,122.7932
2024-04-16,2025-05-17,2025-05-17,123.4732
2024-04-17,2025-05-17,2025-05-17,123.375
2024-04-18,2025-05-17,2025-05-17,123.3481
2024-04-19,2025-05-17,2025-05-17,123.4459
2024-04-22,2025-05-17,2025-05-17,123.4011
2024-04-23,2025-05-17,2025-05-17,123.0779
2024-04-24,2025-05-17,2025-05-17,123.2398
2024-04-25,2025-05-17,2025-05-17,123.1916
2024-04-26,2025-05-17,2025-05-17,123.3004
2024-04-29,2025-05-17,2025-05-17,122.9074
2024-04-30,2025-05-17,2025-05-17,123.3446
2024-05-01,2025-05-17,2025-05-17,123.3776
2024-05-02,2025-05-17,2025-05-17,122.8047
2024-05-03,2025-05-17,2025-05-17,122.5056
2024-05-06,2025-05-17,2025-05-17,122.2529
2024-05-07,2025-05-17,2025-05-17,122.4588
2024-05-08,2025-05-17,2025-05-17,122.5562
2024-05-09,2025-05-17,2025-05-17,122.5322
2024-05-10,2025-05-17,2025-05-17,122.3898
2024-05-13,2025-05-17,2025-05-17,122.4068
2024-05-14,2025-05-17,2025-05-17,122.3094
2024-05-15,2025-05-17,2025-05-17,121.7471
2024-05-16,2025-05-17,2025-05-17,121.6189
2024-05-17,2025-05-17,2025-05-17,121.638
2024-05-20,2025-05-17,2025-05-17,121.6377
2024-05-21,2025-05-17,2025-05-17,121.7864
2024-05-22,2025-05-17,2025-05-17,121.9514
2024-05-23,2025-05-17,2025-05-17,122.1493
2024-05-24,2025-05-17,2025-05-17,122.0215
2024-05-27,2025-05-17,2025-05-17,
2024-05-28,2025-05-17,2025-05-17,121.8382
2024-05-29,2025-05-17,2025-05-17,122.5535
2024-05-30,2025-05-17,2025-05-17,122.356
2024-05-31,2025-05-17,2025-05-17,122.4845
2024-06-03,2025-05-17,2025-05-17,122.7156
2024-06-04,2025-05-17,2025-05-17,123.0715
2024-06-05,2025-05-17,2025-05-17,122.9014
2024-06-06,2025-05-17,2025-05-17,122.7416
2024-06-07,2025-05-17,2025-05-17,123.8707
2024-06-10,2025-05-17,2025-05-17,124.2232
2024-06-11,2025-05-17,2025-05-17,124.345
2024-06-12,2025-05-17,2025-05-17,124.1411
2024-06-13,2025-05-17,2025-05-17,124.3287
2024-06-14,2025-05-17,2025-05-17,124.4755
2024-06-17,2025-05-17,2025-05-17,124.5427
2024-06-18,2025-05-17,2025-05-17,124.2835
2024-06-19,2025-05-17,2025-05-17,
2024-06-20,2025-05-17,2025-05-17,124.496
2024-06-21,2025-05-17,2025-05-17,124.4247
2024-06-24,2025-05-17,2025-05-17,124.0379
2024-06-25,2025-05-17,2025-05-17,124.26
2024-06-26,2025-05-17,2025-05-17,124.5696
2024-06-27,2025-05-17,2025-05-17,124.6406
2024-06-28,2025-05-17,2025-05-17,124.5172
2024-07-01,2025-05-17,2025-05-17,124.7723
2024-07-02,2025-05-17,2025-05-17,124.608
2024-07-03,2025-05-17,2025-05-17,124.1096
2024-07-04,2025-05-17,2025-05-17,
2024-07-05,2025-05-17,2025-05-17,123.8192
2024-07-08,2025-05-17,2025-05-17,123.706
2024-07-09,2025-05-17,2025-05-17,123.7559
2024-07-10,2025-05-17,2025-05-17,123.5508
2024-07-11,2025-05-17,2025-05-17,123.1267
2024-07-12,2025-05-17,2025-05-17,122.8093
2024-07-15,2025-05-17,2025-05-17,123.0059
2024-07-16,2025-05-17,2025-05-17,123.1024
2024-07-17,2025-05-17,2025-05-17,122.892
2024-07-18,2025-05-17,2025-05-17,123.1548
2024-07-19,2025-05-17,2025-05-17,123.5033
2024-07-22,2025-05-17,2025-05-17,123.5735
2024-07-23,2025-05-17,2025-05-17,123.7296
2024-07-24,2025-05-17,2025-05-17,123.8784
2024-07-25,2025-05-17,2025-05-17,123.8341
2024-07-26,2025-05-17,2025-05-17,123.9862
2024-07-29,2025-05-17,2025-05-17,124.4412
2024-07-30,2025-05-17,2025-05-17,124.576
2024-07-31,2025-05-17,2025-05-17,123.9223
2024-08-01,2025-05-17,2025-05-17,124.1551
2024-08-02,2025-05-17,2025-05-17,123.7169
2024-08-05,2025-05-17,2025-05-17,123.7919
2024-08-06,2025-05-17,2025-05-17,123.8794
2024-08-07,2025-05-17,2025-05-17,123.8126
2024-08-08,2025-05-17,2025-05-17,123.6961
2024-08-09,2025-05-17,2025-05-17,123.1964
2024-08-12,2025-05-17,2025-05-17,123.4942
2024-08-13,2025-05-17,2025-05-17,123.2819
2024-08-14,2025-05-17,2025-05-17,122.7057
2024-08-15,2025-05-17,2025-05-17,122.8791
2024-08-16,2025-05-17,2025-05-17,122.6944
2024-08-19,2025-05-17,2025-05-17,122.1762
2024-08-20,2025-05-17,2025-05-17,122.0677
2024-08-21,2025-05-17,2025-05-17,122.1407
2024-08-22,2025-05-17,2025-05-17,122.6371
2024-08-23,2025-05-17,2025-05-17,121.7525
2024-08-26,2025-05-17,2025-05-17,121.9678
2024-08-27,2025-05-17,2025-05-17,122.1318
2024-08-28,2025-05-17,2025-05-17,122.1586
2024-08-29,2025-05-17,2025-05-17,122.4706
2024-08-30,2025-05-17,2025-05-17,122.5582
2024-09-02,2025-05-17,2025-05-17,
2024-09-03,2025-05-17,2025-05-17,123.0052
2024-09-04,2025-05-17,2025-05-17,122.7434
2024-09-05,2025-05-17,2025-05-17,122.6747
2024-09-06,2025-05-17,2025-05-17,122.7145
2024-09-09,2025-05-17,2025-05-17,122.9408
2024-09-10,2025-05-17,2025-05-17,123.2266
2024-09-11,2025-05-17,2025-05-17,123.0007
2024-09-12,2025-05-17,2025-05-17,122.684
2024-09-13,2025-05-17,2025-05-17,121.9128
2024-09-16,2025-05-17,2025-05-17,121.7684
2024-09-17,2025-05-17,2025-05-17,121.8724
2024-09-18,2025-05-17,2025-05-17,121.8295
2024-09-19,2025-05-17,2025-05-17,121.5773
2024-09-20,2025-05-17,2025-05-17,121.6673
2024-09-23,2025-05-17,2025-05-17,121.687
2024-09-24,2025-05-17,2025-05-17,121.3868
2024-09-25,2025-05-17,2025-05-17,121.6868
2024-09-26,2025-05-17,2025-05-17,121.3274
2024-09-27,2025-05-17,2025-05-17,121.356
2024-09-30,2025-05-17,2025-05-17,121.5298
2024-10-01,2025-05-17,2025-05-17,121.9152
2024-10-02,2025-05-17,2025-05-17,121.8154
2024-10-03,2025-05-17,2025-05-17,122.3469
2024-10-04,2025-05-17,2025-05-17,122.4533
2024-10-07,2025-05-17,2025-05-17,122.6545
2024-10-08,2025-05-17,2025-05-17,122.9111
2024-10-09,2025-05-17,2025-05-17,123.1373
2024-10-10,2025-05-17,2025-05-17,123.3431
2024-10-11,2025-05-17,2025-05-17,123.2275
2024-10-14,2025-05-17,2025-05-17,
2024-10-15,2025-05-17,2025-05-17,123.773
2024-10-16,2025-05-17,2025-05-17,124.1606
2024-10-17,2025-05-17,2025-05-17,124.3466
2024-10-18,2025-05-17,2025-05-17,124.1511
2024-10-21,2025-05-17,2025-05-17,124.7004
2024-10-22,2025-05-17,2025-05-17,124.6396
2024-10-23,2025-05-17,2025-05-17,124.9181
2024-10-24,2025-05-17,2025-05-17,124.743
2024-10-25,2025-05-17,2025-05-17,124.8418
2024-10-28,2025-05-17,2025-05-17,125.0385
2024-10-29,2025-05-17,2025-05-17,125.0952
2024-10-30,2025-05-17,2025-05-17,125.0444
2024-10-31,2025-05-17,2025-05-17,125.0247
2024-11-01,2025-05-17,2025-05-17,125.0403
2024-11-04,2025-05-17,2025-05-17,124.8168
2024-11-05,2025-05-17,2025-05-17,124.7803
2024-11-06,2025-05-17,2025-05-17,125.9311
2024-11-07,2025-05-17,2025-05-17,125.016
2024-11-08,2025-05-17,2025-05-17,125.8066
2024-11-11,2025-05-17,2025-05-17,
2024-11-12,2025-05-17,2025-05-17,126.987
2024-11-13,2025-05-17,2025-05-17,127.1591
2024-11-14,2025-05-17,2025-05-17,127.2123
2024-11-15,2025-05-17,2025-05-17,127.1021
2024-11-18,2025-05-17,2025-05-17,126.8336
2024-11-19,2025-05-17,2025-05-17,126.6361
2024-11-20,2025-05-17,2025-05-17,127.1023
2024-11-21,2025-05-17,2025-05-17,127.3063
2024-11-22,2025-05-17,2025-05-17,127.6683
2024-11-25,2025-05-17,2025-05-17,127.211
2024-11-26,2025-05-17,2025-05-17,127.6435
2024-11-27,2025-05-17,2025-05-17,127.0601
2024-11-28,2025-05-17,2025-05-17,
2024-11-29,2025-05-17,2025-05-17,126.8114
2024-12-02,2025-05-17,2025-05-17,127.3499
2024-12-03,2025-05-17,2025-05-17,127.1983
2024-12-04,2025-05-17,2025-05-17,126.9956
2024-12-05,2025-05-17,2025-05-17,126.6638
2024-12-06,2025-05-17,2025-05-17,126.9271
2024-12-09,2025-05-17,2025-05-17,126.8394
2024-12-10,2025-05-17,2025-05-17,127.1884
2024-12-11,2025-05-17,2025-05-17,127.095
2024-12-12,2025-05-17,2025-05-17,127.2039
2024-12-13,2025-05-17,2025-05-17,127.5569
2024-12-16,2025-05-17,2025-05-17,127.5235
2024-12-17,2025-05-17,2025-05-17,127.7565
2024-12-18,2025-05-17,2025-05-17,127.8936
2024-12-19,2025-05-17,2025-05-17,128.8598
2024-12-20,2025-05-17,2025-05-17,128.1411
2024-12-23,2025-05-17,2025-05-17,128.5356
2024-12-24,2025-05-17,2025-05-17,128.5651
2024-12-25,2025-05-17,2025-05-17,
2024-12-26,2025-05-17,2025-05-17,128.5679
2024-12-27,2025-05-17,2025-05-17,128.6972
2024-12-30,2025-05-17,2025-05-17,129.0474
2024-12-31,2025-05-17,2025-05-17,129.488
2025-01-01,2025-05-17,2025-05-17,
2025-01-02,2025-05-17,2025-05-17,129.6666
2025-01-03,2025-05-17,2025-05-17,129.6721
2025-01-06,2025-05-17,2025-05-17,128.7878
2025-01-07,2025-05-17,2025-05-17,128.8574
2025-01-08,2025-05-17,2025-05-17,129.3038
2025-01-09,2025-05-17,2025-05-17,129.4927
2025-01-10,2025-05-17,2025-05-17,130.0513
2025-01-13,2025-05-17,2025-05-17,130.2142
2025-01-14,2025-05-17,2025-05-17,129.5812
2025-01-15,2025-05-17,2025-05-17,129.4107
2025-01-16,2025-05-17,2025-05-17,129.6284
2025-01-17,2025-05-17,2025-05-17,129.6771
2025-01-20,2025-05-17,2025-05-17,
2025-01-21,2025-05-17,2025-05-17,128.61
2025-01-22,2025-05-17,2025-05-17,128.5428
2025-01-23,2025-05-17,2025-05-17,128.4336
2025-01-24,2025-05-17,2025-05-17,127.6833
2025-01-27,2025-05-17,2025-05-17,128.2856
2025-01-28,2025-05-17,2025-05-17,128.471
2025-01-29,2025-05-17,2025-05-17,128.5324
2025-01-30,2025-05-17,2025-05-17,128.2958
2025-01-31,2025-05-17,2025-05-17,128.6686
2025-02-03,2025-05-17,2025-05-17,129.2815
2025-02-04,2025-05-17,2025-05-17,128.2993
2025-02-05,2025-05-17,2025-05-17,128.1725
2025-02-06,2025-05-17,2025-05-17,128.3958
2025-02-07,2025-05-17,2025-05-17,128.6144
2025-02-10,2025-05-17,2025-05-17,128.8215
2025-02-11,2025-05-17,2025-05-17,128.629
2025-02-12,2025-05-17,2025-05-17,128.5321
2025-02-13,2025-05-17,2025-05-17,128.0821
2025-02-14,2025-05-17,2025-05-17,127.3505
2025-02-17,2025-05-17,2025-05-17,
2025-02-18,2025-05-17,2025-05-17,127.501
2025-02-19,2025-05-17,2025-05-17,127.9207
2025-02-20,2025-05-17,2025-05-17,127.3057
2025-02-21,2025-05-17,2025-05-17,127.3285
2025-02-24,2025-05-17,2025-05-17,127.3749
2025-02-25,2025-05-17,2025-05-17,127.5544
2025-02-26,2025-05-17,2025-05-17,127.4762
2025-02-27,2025-05-17,2025-05-17,128.1589
2025-02-28,2025-05-17,2025-05-17,128.4646
2025-03-03,2025-05-17,2025-05-17,127.9558
2025-03-04,2025-05-17,2025-05-17,128.1864
2025-03-05,2025-05-17,2025-05-17,126.7441
2025-03-06,2025-05-17,2025-05-17,126.3526
2025-03-07,2025-05-17,2025-05-17,126.2243
2025-03-10,2025-05-17,2025-05-17,126.5199
2025-03-11,2025-05-17,2025-05-17,126.2896
2025-03-12,2025-05-17,2025-05-17,126.1251
2025-03-13,2025-05-17,2025-05-17,126.2551
2025-03-14,2025-05-17,2025-05-17,125.9538
2025-03-17,2025-05-17,2025-05-17,125.6291
2025-03-18,2025-05-17,2025-05-17,125.7402
2025-03-19,2025-05-17,2025-05-17,126.0515
2025-03-20,2025-05-17,2025-05-17,126.237
2025-03-21,2025-05-17,2025-05-17,126.509
2025-03-24,2025-05-17,2025-05-17,126.4403
2025-03-25,2025-05-17,2025-05-17,126.3075
2025-03-26,2025-05-17,2025-05-17,126.4839
2025-03-27,2025-05-17,2025-05-17,126.6098
2025-03-28,2025-05-17,2025-05-17,126.6599
2025-03-31,2025-05-17,2025-05-17,126.9402
2025-04-01,2025-05-17,2025-05-17,126.6783
2025-04-02,2025-05-17,2025-05-17,126.6284
2025-04-03,2025-05-17,2025-05-17,125.0254
2025-04-04,2025-05-17,2025-05-17,126.0693
2025-04-07,2025-05-17,2025-05-17,127.0629
2025-04-08,2025-05-17,2025-05-17,127.1122
2025-04-09,2025-05-17,2025-05-17,126.8819
2025-04-10,2025-05-17,2025-05-17,125.3694
2025-04-11,2025-05-17,2025-05-17,124.3156
2025-04-14,2025-05-17,2025-05-17,123.9908
2025-04-15,2025-05-17,2025-05-17,124.1129
2025-04-16,2025-05-17,2025-05-17,123.6167
2025-04-17,2025-05-17,2025-05-17,123.4733
2025-04-18,2025-05-17,2025-05-17,123.3365
2025-04-21,2025-05-17,2025-05-17,122.677
2025-04-22,2025-05-17,2025-05-17,122.7879
2025-04-23,2025-05-17,2025-05-17,123.375
2025-04-24,2025-05-17,2025-05-17,123.285
2025-04-25,2025-05-17,2025-05-17,123.2454
2025-04-28,2025-05-17,2025-05-17,123.0856
2025-04-29,2025-05-17,2025-05-17,122.9514
2025-04-30,2025-05-17,2025-05-17,122.944
2025-05-01,2025-05-17,2025-05-17,123.4811
2025-05-02,2025-05-17,2025-05-17,122.859
2025-05-05,2025-05-17,2025-05-17,122.6335
2025-05-06,2025-05-17,2025-05-17,122.3907
2025-05-07,2025-05-17,2025-05-17,122.4652
2025-05-08,2025-05-17,2025-05-17,123.1019
2025-05-09,2025-05-17,2025-05-17,122.879
